source,hypothesis,specification,parameter_setting,term,estimate,estimate_percentage_points,std_error,ci_low,ci_high,ci_low_percentage_points,ci_high_percentage_points,z_value,p_value_two_sided,is_behavior_term,reference_category,sample_variant,p_value_holm,significant_raw_0_05,significant_holm_0_05,primary_effect_pp,primary_ci_low_pp,primary_ci_high_pp,primary_p_holm,effect_difference_pp,same_sign_as_primary
NA,H1_session_depth,adjusted,30m_session_boundary,session_depth_2,0.014668205987986222,1.4668205987986223,0.01869059756624578,-0.02196469209138749,0.05130110406735994,-2.196469209138749,5.1301104067359935,0.7847906379663441,0.4325763300753849,True,session depth 1,alias_confirmed_ge10m,1.0,False,False,-0.5905472625055115,-1.8873216084442261,0.7062270834332031,1.0,2.057367861304134,False
NA,H1_session_depth,adjusted,30m_session_boundary,session_depth_3,0.019916997219480762,1.9916997219480763,0.019317163484790546,-0.01794394749418095,0.05777794193314248,-1.7943947494180952,5.777794193314248,1.031051853713538,0.30251650395976487,True,session depth 1,alias_confirmed_ge10m,1.0,False,False,0.33589163979517395,-1.0441508499151213,1.715934129505469,1.0,1.6558080821529024,True
NA,H1_session_depth,adjusted,30m_session_boundary,session_depth_4,0.01697513894290415,1.697513894290415,0.021103212180218836,-0.024386396888431756,0.05833667477424006,-2.4386396888431756,5.833667477424006,0.8043864980335009,0.42117379647969794,True,session depth 1,alias_confirmed_ge10m,1.0,False,False,-0.4040040353467529,-1.9272726108758103,1.1192645401823045,1.0,2.101517929637168,False
NA,H1_session_depth,adjusted,30m_session_boundary,session_depth_5,0.015727919901296763,1.5727919901296763,0.02662392814564276,-0.036454020391145314,0.06790986019373883,-3.6454020391145314,6.790986019373883,0.5907437781254219,0.5546921104573583,True,session depth 1,alias_confirmed_ge10m,1.0,False,False,0.031247502774390663,-1.7678719951547552,1.8303670007035366,1.0,1.5415444873552857,True
NA,H1_session_depth,adjusted,30m_session_boundary,session_depth_6,0.02230293389214344,2.230293389214344,0.02923777832867786,-0.03500205862003086,0.07960792640431774,-3.500205862003086,7.960792640431774,0.7628121959686526,0.4455754066073049,True,session depth 1,alias_confirmed_ge10m,1.0,False,False,0.3844374990642839,-1.5713877209368363,2.340262719065404,1.0,1.8458558901500601,True
NA,H1_session_depth,adjusted,30m_session_boundary,session_depth_7,0.0197157825128634,1.9715782512863398,0.037849278121967485,-0.05446743944703269,0.09389900447275948,-5.446743944703269,9.389900447275949,0.5209024713583766,0.6024347137257364,True,session depth 1,alias_confirmed_ge10m,1.0,False,False,0.033586003939930976,-2.199505881738755,2.266677889618617,1.0,1.9379922473464088,True
NA,H1_session_depth,adjusted,30m_session_boundary,session_depth_8+,0.023780944375005136,2.3780944375005135,0.03125007158127492,-0.03746807043859236,0.08502995918860264,-3.7468070438592362,8.502995918860263,0.7609884768793523,0.4466639499282224,True,session depth 1,alias_confirmed_ge10m,1.0,False,False,0.4484049343078506,-1.2081454010151969,2.1049552696308984,1.0,1.9296895031926629,True
NA,H2_post_loss_requeue,adjusted,categorical_requeue_gap,post_loss_gap_5-10m,0.01795165028143492,1.795165028143492,0.01752253332162804,-0.016391883946859042,0.05229518450972888,-1.6391883946859043,5.229518450972888,1.024489436083835,0.30560415794761137,True,<=5m,alias_confirmed_ge10m,1.0,False,False,-0.27442736139572865,-1.6285811679288749,1.0797264451374173,1.0,2.0695923895392205,False
NA,H2_post_loss_requeue,adjusted,categorical_requeue_gap,post_loss_gap_10-20m,-0.01975488425279058,-1.975488425279058,0.028035980354739008,-0.07470439601935153,0.035194627513770366,-7.470439601935153,3.5194627513770365,-0.7046261269565824,0.4810429347973179,True,<=5m,alias_confirmed_ge10m,1.0,False,False,-1.5908239374173194,-3.2340671775207075,0.05241930268606865,0.4315666020773005,-0.3846644878617387,True
NA,H2_post_loss_requeue,adjusted,categorical_requeue_gap,post_loss_gap_20-30m,0.01694574500482467,1.694574500482467,0.03840881579248504,-0.05833415063727927,0.0922256406469286,-5.833415063727927,9.222564064692861,0.4411941543935917,0.6590724447837213,True,<=5m,alias_confirmed_ge10m,1.0,False,False,-0.9903578540774737,-3.7355022869616743,1.754786578806727,1.0,2.684932354559941,False
NA,H2_post_loss_requeue,adjusted,categorical_requeue_gap,post_loss_gap_30-60m,-0.022126004347038986,-2.2126004347038988,0.03767252304768758,-0.09596279272726176,0.051710784033183785,-9.596279272726175,5.171078403318378,-0.5873247278668033,0.556985636669844,True,<=5m,alias_confirmed_ge10m,1.0,False,False,-2.3789140789033287,-4.798182117147269,0.040353959340612075,0.4315666020773005,0.16631364419942996,True
NA,H2_post_loss_requeue,adjusted,categorical_requeue_gap,post_loss_gap_1-2h,-0.0024310056676700807,-0.24310056676700806,0.03680113163337981,-0.0745598982594122,0.06969788692407203,-7.45598982594122,6.969788692407203,-0.06605790528096371,0.9473317243324672,True,<=5m,alias_confirmed_ge10m,1.0,False,False,0.2355946427516165,-2.287619589172741,2.758808874675974,1.0,-0.47869520951862454,False
NA,H2_post_loss_requeue,adjusted,categorical_requeue_gap,post_loss_gap_2-6h,-0.051569842392135024,-5.156984239213502,0.03041616983733285,-0.11118443982096092,0.008044755036690873,-11.118443982096093,0.8044755036690874,-1.6954745672427871,0.0899854308982448,True,<=5m,alias_confirmed_ge10m,0.7198834471859584,False,False,0.5475648312335771,-1.7546605719501736,2.849790234417328,1.0,-5.704549070447079,False
NA,H2_post_loss_requeue,adjusted,categorical_requeue_gap,post_loss_gap_6-24h,0.030444250158651934,3.0444250158651935,0.021971299682011877,-0.012618705911627687,0.07350720622893156,-1.2618705911627688,7.350720622893156,1.3856371994041365,0.16585771331219124,True,<=5m,alias_confirmed_ge10m,1.0,False,False,0.9423418051448849,-0.9789797111896328,2.8636633214794025,1.0,2.1020832107203087,True
NA,H2_post_loss_requeue,adjusted,categorical_requeue_gap,post_loss_gap_>24h,0.02217342261323804,2.217342261323804,0.022255175037146666,-0.021445918929204288,0.06579276415568036,-2.144591892920429,6.579276415568036,0.9963265881408628,0.3190914892555829,True,<=5m,alias_confirmed_ge10m,1.0,False,False,-1.6593588195151836,-3.596607472668322,0.2778898336379551,0.5591277647738461,3.8767010808389877,False
NA,H3_recent_volume,adjusted,6h_window,recent_games_1,-0.029045827780215056,-2.9045827780215054,0.021403276461200122,-0.0709954787953212,0.01290382323489108,-7.099547879532119,1.290382323489108,-1.3570738962732811,0.1747577317507657,True,0 recent ranked games,alias_confirmed_ge10m,0.9127260225102604,False,False,-1.5106098955851965,-3.1274005294335967,0.10618073826320386,0.3839671466439022,-1.393972882436309,True
NA,H3_recent_volume,adjusted,6h_window,recent_games_2,-0.030937917027978556,-3.0937917027978554,0.021603487782184783,-0.07327997502151182,0.01140414096555471,-7.327997502151182,1.140414096555471,-1.4320797336016904,0.15212100375171006,True,0 recent ranked games,alias_confirmed_ge10m,0.9127260225102604,False,False,-1.5920393000679576,-3.2766896398305603,0.09261103969464488,0.3839671466439022,-1.5017524027298979,True
NA,H3_recent_volume,adjusted,6h_window,recent_games_3,-0.016315680078622868,-1.6315680078622867,0.02233101039635373,-0.0600836561938657,0.02745229603661996,-6.00836561938657,2.745229603661996,-0.7306288335832282,0.46500589527883035,True,0 recent ranked games,alias_confirmed_ge10m,1.0,False,False,-1.079063729680912,-2.810482973944635,0.6523555145828107,0.6781836045532726,-0.5525042781813747,True
NA,H3_recent_volume,adjusted,6h_window,recent_games_4,-0.03386334718103937,-3.3863347181039374,0.02540596336335459,-0.08365812036575847,0.01593142600367972,-8.365812036575846,1.593142600367972,-1.332889711629029,0.18256799934943987,True,0 recent ranked games,alias_confirmed_ge10m,0.9127260225102604,False,False,-1.2272526223990066,-2.9960463026479913,0.5415410578499783,0.6781836045532726,-2.159082095704931,True
NA,H3_recent_volume,adjusted,6h_window,recent_games_5,0.0024700804505154725,0.24700804505154725,0.027713221139952542,-0.05184683487938557,0.056786995780416516,-5.184683487938557,5.678699578041652,0.08913003789929352,0.9289785655972086,True,0 recent ranked games,alias_confirmed_ge10m,1.0,False,False,-1.3643047627195561,-3.3109143166680024,0.5823047912288906,0.6781836045532726,1.6113128077711034,False
NA,H3_recent_volume,adjusted,6h_window,recent_games_6+,-6.554523902801511e-05,-0.006554523902801511,0.026912337740518103,-0.05281275795022155,0.05268166747216552,-5.281275795022155,5.2681667472165525,-0.002435508934971967,0.9980567469442222,True,0 recent ranked games,alias_confirmed_ge10m,1.0,False,False,-0.8922375908282121,-2.745754411801613,0.9612792301451888,0.6781836045532726,0.8856830669254105,True
NA,H1_session_depth,adjusted,30m_session_boundary,session_depth_2,-0.005332235424181944,-0.5332235424181944,0.0066113698751720466,-0.01829028226799223,0.0076258114196283405,-1.829028226799223,0.762581141962834,-0.8065250507623708,0.41994016976004783,True,session depth 1,authoritative_ge5m,1.0,False,False,-0.5905472625055115,-1.8873216084442261,0.7062270834332031,1.0,0.05732372008731712,True
NA,H1_session_depth,adjusted,30m_session_boundary,session_depth_3,0.004281081825801783,0.4281081825801783,0.007026290798916694,-0.0094901950849801,0.018052358736583667,-0.94901950849801,1.8052358736583667,0.6092947115798047,0.5423291118003415,True,session depth 1,authoritative_ge5m,1.0,False,False,0.33589163979517395,-1.0441508499151213,1.715934129505469,1.0,0.09221654278500435,True
NA,H1_session_depth,adjusted,30m_session_boundary,session_depth_4,-0.003400093817444895,-0.3400093817444895,0.007765535866702985,-0.01862026443683678,0.01182007680194699,-1.862026443683678,1.182007680194699,-0.43784406843367957,0.6614993230092647,True,session depth 1,authoritative_ge5m,1.0,False,False,-0.4040040353467529,-1.9272726108758103,1.1192645401823045,1.0,0.06399465360226336,True
NA,H1_session_depth,adjusted,30m_session_boundary,session_depth_5,0.0009267712518130537,0.09267712518130536,0.00917657946211191,-0.017058993995196232,0.018912536498822338,-1.7058993995196232,1.8912536498822339,0.1009931048534467,0.9195559337209935,True,session depth 1,authoritative_ge5m,1.0,False,False,0.031247502774390663,-1.7678719951547552,1.8303670007035366,1.0,0.0614296224069147,True
NA,H1_session_depth,adjusted,30m_session_boundary,session_depth_6,0.004102774939445842,0.41027749394458424,0.009933372241366886,-0.015366276898663168,0.02357182677755485,-1.5366276898663167,2.357182677755485,0.4130294163708173,0.6795850617203036,True,session depth 1,authoritative_ge5m,1.0,False,False,0.3844374990642839,-1.5713877209368363,2.340262719065404,1.0,0.02583999488030031,True
NA,H1_session_depth,adjusted,30m_session_boundary,session_depth_7,0.000437518127308747,0.0437518127308747,0.011372766293195,-0.021852694211944548,0.022727730466562044,-2.1852694211944548,2.2727730466562046,0.03847068655323903,0.9693124029175078,True,session depth 1,authoritative_ge5m,1.0,False,False,0.033586003939930976,-2.199505881738755,2.266677889618617,1.0,0.010165808790943726,True
NA,H1_session_depth,adjusted,30m_session_boundary,session_depth_8+,0.004422056595383901,0.4422056595383901,0.008424510104916225,-0.012089679797645652,0.020933792988413455,-1.2089679797645652,2.0933792988413455,0.5249037083833938,0.5996501313381444,True,session depth 1,authoritative_ge5m,1.0,False,False,0.4484049343078506,-1.2081454010151969,2.1049552696308984,1.0,-0.006199274769460528,True
NA,H2_post_loss_requeue,adjusted,categorical_requeue_gap,post_loss_gap_5-10m,-0.002725253113822561,-0.2725253113822561,0.006927351230211431,-0.0163026120332962,0.01085210580565108,-1.63026120332962,1.085210580565108,-0.3934047839147003,0.6940205368788968,True,<=5m,authoritative_ge5m,1.0,False,False,-0.27442736139572865,-1.6285811679288749,1.0797264451374173,1.0,0.0019020500134725449,True
NA,H2_post_loss_requeue,adjusted,categorical_requeue_gap,post_loss_gap_10-20m,-0.015858124361327556,-1.5858124361327557,0.008389165729090025,-0.03230058705068171,0.0005843383280265957,-3.2300587050681706,0.05843383280265957,-1.890310058643661,0.05871650431010747,True,<=5m,authoritative_ge5m,0.4110155301707523,False,False,-1.5908239374173194,-3.2340671775207075,0.05241930268606865,0.4315666020773005,0.005011501284563735,True
NA,H2_post_loss_requeue,adjusted,categorical_requeue_gap,post_loss_gap_20-30m,-0.010538582118412389,-1.053858211841239,0.013990138709801252,-0.0379587501283425,0.016881585891517722,-3.79587501283425,1.688158589151772,-0.7532864639168473,0.4512777911017344,True,<=5m,authoritative_ge5m,1.0,False,False,-0.9903578540774737,-3.7355022869616743,1.754786578806727,1.0,-0.06350035776376528,True
NA,H2_post_loss_requeue,adjusted,categorical_requeue_gap,post_loss_gap_30-60m,-0.024062716302547086,-2.4062716302547087,0.012335409884261028,-0.048239675410238096,0.00011424280514392426,-4.823967541023809,0.011424280514392426,-1.9507026137209384,0.05109243227638176,True,<=5m,authoritative_ge5m,0.40873945821105406,False,False,-2.3789140789033287,-4.798182117147269,0.040353959340612075,0.4315666020773005,-0.02735755135137996,True
NA,H2_post_loss_requeue,adjusted,categorical_requeue_gap,post_loss_gap_1-2h,0.002135326151589679,0.2135326151589679,0.012888785065822675,-0.023126228381900475,0.02739688068507983,-2.3126228381900473,2.739688068507983,0.1656731911258219,0.868414144843058,True,<=5m,authoritative_ge5m,1.0,False,False,0.2355946427516165,-2.287619589172741,2.758808874675974,1.0,-0.02206202759264861,True
NA,H2_post_loss_requeue,adjusted,categorical_requeue_gap,post_loss_gap_2-6h,0.0050987805227804064,0.5098780522780406,0.011726944268710515,-0.017885607892600606,0.02808316893816142,-1.7885607892600606,2.808316893816142,0.4347919121935986,0.663713476022484,True,<=5m,authoritative_ge5m,1.0,False,False,0.5475648312335771,-1.7546605719501736,2.849790234417328,1.0,-0.037686778955536515,True
NA,H2_post_loss_requeue,adjusted,categorical_requeue_gap,post_loss_gap_6-24h,0.008966377911157992,0.8966377911157992,0.009781247265937813,-0.010204514453960993,0.02813727027627698,-1.0204514453960993,2.813727027627698,0.9166906497070655,0.3593047671646038,True,<=5m,authoritative_ge5m,1.0,False,False,0.9423418051448849,-0.9789797111896328,2.8636633214794025,1.0,-0.04570401402908564,True
NA,H2_post_loss_requeue,adjusted,categorical_requeue_gap,post_loss_gap_>24h,-0.016915851335923212,-1.691585133592321,0.009884118389625964,-0.036288367398520135,0.002456664726673715,-3.6288367398520136,0.24566647266737152,-1.7114173130177717,0.08700410341027541,True,<=5m,authoritative_ge5m,0.5220246204616524,False,False,-1.6593588195151836,-3.596607472668322,0.2778898336379551,0.5591277647738461,-0.0322263140771375,True
NA,H3_recent_volume,adjusted,6h_window,recent_games_1,-0.015673984320251938,-1.5673984320251937,0.008241951545344411,-0.03182791251145123,0.000479943870947349,-3.182791251145123,0.0479943870947349,-1.901732160644116,0.05720617912899022,True,0 recent ranked games,authoritative_ge5m,0.3432370747739413,False,False,-1.5106098955851965,-3.1274005294335967,0.10618073826320386,0.3839671466439022,-0.05678853643999715,True
NA,H3_recent_volume,adjusted,6h_window,recent_games_2,-0.016043912692191242,-1.6043912692191242,0.008585660240713796,-0.03287149754748778,0.0007836721631052888,-3.2871497547487776,0.07836721631052888,-1.8686871180983724,0.0616663572662887,True,0 recent ranked games,authoritative_ge5m,0.3432370747739413,False,False,-1.5920393000679576,-3.2766896398305603,0.09261103969464488,0.3839671466439022,-0.012351969151166653,True
NA,H3_recent_volume,adjusted,6h_window,recent_games_3,-0.010914054976832352,-1.0914054976832352,0.008817384936753945,-0.028195811890696067,0.00636770193703136,-2.8195811890696065,0.636770193703136,-1.2377881940186997,0.21579460713949292,True,0 recent ranked games,authoritative_ge5m,0.5990702239567701,False,False,-1.079063729680912,-2.810482973944635,0.6523555145828107,0.6781836045532726,-0.012341768002323228,True
NA,H3_recent_volume,adjusted,6h_window,recent_games_4,-0.01249795063622514,-1.249795063622514,0.009028413572815875,-0.030193316076476847,0.0051974148040265684,-3.019331607647685,0.5197414804026569,-1.384290887366511,0.1662694031830115,True,0 recent ranked games,authoritative_ge5m,0.5990702239567701,False,False,-1.2272526223990066,-2.9960463026479913,0.5415410578499783,0.6781836045532726,-0.022542441223507348,True
NA,H3_recent_volume,adjusted,6h_window,recent_games_5,-0.014297094775990452,-1.4297094775990453,0.009926104820034165,-0.03375190273002685,0.005157713178045947,-3.3751902730026853,0.5157713178045947,-1.440352991954526,0.14976755598919253,True,0 recent ranked games,authoritative_ge5m,0.5990702239567701,False,False,-1.3643047627195561,-3.3109143166680024,0.5823047912288906,0.6781836045532726,-0.06540471487948918,True
NA,H3_recent_volume,adjusted,6h_window,recent_games_6+,-0.00938867798674754,-0.9388677986747539,0.00946241322778655,-0.02793466712004458,0.0091573111465495,-2.7934667120044576,0.9157311146549499,-0.9922075648923802,0.3210962830087043,True,0 recent ranked games,authoritative_ge5m,0.5990702239567701,False,False,-0.8922375908282121,-2.745754411801613,0.9612792301451888,0.6781836045532726,-0.046630207846541816,True
KR,H1_session_depth,adjusted,30m_session_boundary,session_depth_2,0.007378673837542284,0.7378673837542284,0.00716877823861617,-0.006671873323299894,0.021429220998384464,-0.6671873323299894,2.1429220998384464,1.0292791312465863,0.30334852684374375,True,session depth 1,alias_confirmed_ge10m,0.85885635929782,False,False,0.6895658106100276,-0.7163525445554458,2.0954841657755012,0.8998813212140085,0.048301573144200804,True
KR,H1_session_depth,adjusted,30m_session_boundary,session_depth_3,0.00721351794975609,0.721351794975609,0.0073204838074353296,-0.007134366662225804,0.021561402561737983,-0.7134366662225804,2.1561402561737983,0.9853881436674178,0.3244334512310456,True,session depth 1,alias_confirmed_ge10m,0.85885635929782,False,False,0.6886274275798397,-0.745894569047823,2.123149424207502,0.8998813212140085,0.03272436739576923,True
KR,H1_session_depth,adjusted,30m_session_boundary,session_depth_4,0.021474798378703,2.1474798378703,0.008326665696933654,0.00515483350140793,0.037794763255998065,0.515483350140793,3.7794763255998065,2.5790393370315354,0.00990755037705788,True,session depth 1,alias_confirmed_ge10m,0.06935285263940516,True,False,2.1190242049408012,0.4891490113492304,3.748899398532372,0.07580117356539845,0.02845563292949871,True
KR,H1_session_depth,adjusted,30m_session_boundary,session_depth_5,0.017869149610683997,1.7869149610683996,0.008969582936731302,0.000289090098345636,0.03544920912302236,0.028909009834563598,3.544920912302236,1.9921940336275967,0.0463497726231416,True,session depth 1,alias_confirmed_ge10m,0.231748863115708,True,False,1.7333591049783794,-0.024637650736366104,3.491355860693125,0.26649167477507707,0.053555856090020226,True
KR,H1_session_depth,adjusted,30m_session_boundary,session_depth_6,0.012441983519355628,1.2441983519355628,0.01051627168319978,-0.008169530231354354,0.03305349727006561,-0.8169530231354354,3.305349727006561,1.1831173531996382,0.23676264134195596,True,session depth 1,alias_confirmed_ge10m,0.85885635929782,False,False,1.275056013763286,-0.7844695476026639,3.3345815751292354,0.8998813212140085,-0.030857661827723204,True
KR,H1_session_depth,adjusted,30m_session_boundary,session_depth_7,0.014494918132456224,1.4494918132456225,0.011682791131705998,-0.00840293172459147,0.03739276798950392,-0.840293172459147,3.7392767989503914,1.2407067770918523,0.214714089824455,True,session depth 1,alias_confirmed_ge10m,0.85885635929782,False,False,1.3912925100925035,-0.9003733924443927,3.6829584126294,0.8998813212140085,0.05819930315311894,True
KR,H1_session_depth,adjusted,30m_session_boundary,session_depth_8+,0.021516911681108492,2.1516911681108493,0.008942840824047109,0.003989265746501661,0.03904455761571532,0.3989265746501661,3.904455761571532,2.406048827711433,0.016126109198511387,True,session depth 1,alias_confirmed_ge10m,0.09675665519106832,True,False,2.119853297792171,0.36751309729920295,3.8721934982851383,0.10643402371262983,0.03183787031867835,True
KR,H2_post_loss_requeue,adjusted,categorical_requeue_gap,post_loss_gap_5-10m,-0.006153910655325409,-0.6153910655325409,0.007156268513202493,-0.020179939204900296,0.007872117894249478,-2.0179939204900297,0.7872117894249477,-0.8599328887634877,0.3898260377339245,True,<=5m,alias_confirmed_ge10m,1.0,False,False,-0.6419616594132668,-2.0430793391879645,0.759156020361431,1.0,0.026570593880725912,True
KR,H2_post_loss_requeue,adjusted,categorical_requeue_gap,post_loss_gap_10-20m,-0.01657231153492198,-1.6572311534921982,0.009037846029185252,-0.034286164249943414,0.001141541180099452,-3.4286164249943414,0.11415411800994521,-1.8336572100704343,0.0667048941440298,True,<=5m,alias_confirmed_ge10m,0.5336391531522384,False,False,-1.6606758125758618,-3.429699542135911,0.10834791698418715,0.5262381117201698,0.003444659083663648,True
KR,H2_post_loss_requeue,adjusted,categorical_requeue_gap,post_loss_gap_20-30m,0.008163586141468034,0.8163586141468034,0.013159236333309763,-0.01762804313587002,0.03395521541880609,-1.762804313587002,3.3955215418806093,0.6203692930724012,0.535014684062662,True,<=5m,alias_confirmed_ge10m,1.0,False,False,0.8189919919439036,-1.7558328913904069,3.393816875278214,1.0,-0.002633377797100156,True
KR,H2_post_loss_requeue,adjusted,categorical_requeue_gap,post_loss_gap_30-60m,-0.007008823970704721,-0.7008823970704722,0.01232023269896889,-0.031156036341836453,0.01713838840042701,-3.1156036341836453,1.713838840042701,-0.5688873044817819,0.5694326215184069,True,<=5m,alias_confirmed_ge10m,1.0,False,False,-0.6927986262471421,-3.106576688654379,1.7209794361600947,1.0,-0.008083770823330116,True
KR,H2_post_loss_requeue,adjusted,categorical_requeue_gap,post_loss_gap_1-2h,0.004065796946510458,0.40657969465104576,0.012568986835478062,-0.020568964573184613,0.028700558466205527,-2.0568964573184614,2.8700558466205526,0.3234784951030474,0.7463328912614993,True,<=5m,alias_confirmed_ge10m,1.0,False,False,0.3638476164252632,-2.0979418302043786,2.825637063054905,1.0,0.042732078225782566,True
KR,H2_post_loss_requeue,adjusted,categorical_requeue_gap,post_loss_gap_2-6h,-0.006452816550411664,-0.6452816550411664,0.012444929172569718,-0.030844429518800166,0.017938796417976837,-3.0844429518800167,1.7938796417976837,-0.518509704710456,0.6041026907909722,True,<=5m,alias_confirmed_ge10m,1.0,False,False,-0.6643110621943675,-3.1008698759601447,1.7722477515714097,1.0,0.019029407153201117,True
KR,H2_post_loss_requeue,adjusted,categorical_requeue_gap,post_loss_gap_6-24h,0.010226899747669268,1.0226899747669267,0.010366949028420615,-0.010091946977597643,0.03054574647293618,-1.0091946977597643,3.054574647293618,0.9864907910352981,0.3238923320270379,True,<=5m,alias_confirmed_ge10m,1.0,False,False,1.0121156454584836,-1.0198548366496256,3.044086127566593,1.0,0.010574329308443042,True
KR,H2_post_loss_requeue,adjusted,categorical_requeue_gap,post_loss_gap_>24h,-0.0021993490876234816,-0.21993490876234817,0.010785274578118734,-0.023338098824111628,0.018939400648864665,-2.333809882411163,1.8939400648864666,-0.203921473829284,0.8384148639697389,True,<=5m,alias_confirmed_ge10m,1.0,False,False,-0.31755384830357536,-2.4267328988407586,1.791625202233608,1.0,0.09761893954122719,True
KR,H3_recent_volume,adjusted,6h_window,recent_games_1,-0.007239210503989546,-0.7239210503989546,0.008205551570685823,-0.023321796055819834,0.00884337504784074,-2.3321796055819832,0.884337504784074,-0.8822332589866947,0.37765067978984845,True,0 recent ranked games,alias_confirmed_ge10m,1.0,False,False,-0.7324640918002007,-2.3385456591909652,0.8736174755905638,1.0,0.008543041401246065,True
KR,H3_recent_volume,adjusted,6h_window,recent_games_2,-0.004624089123672432,-0.46240891236724324,0.008587228795115958,-0.021454748289104993,0.01220657004176013,-2.1454748289104995,1.220657004176013,-0.5384844440504966,0.5902426417834516,True,0 recent ranked games,alias_confirmed_ge10m,1.0,False,False,-0.4401402373688747,-2.1217754990639777,1.2414950243262282,1.0,-0.022268674998368543,True
KR,H3_recent_volume,adjusted,6h_window,recent_games_3,-0.0021420382441459996,-0.21420382441459995,0.008763324408388366,-0.019317838469427976,0.015033761981135976,-1.9317838469427977,1.5033761981135976,-0.2444321520376004,0.8068961430949935,True,0 recent ranked games,alias_confirmed_ge10m,1.0,False,False,-0.2196236563536652,-1.9362800808239506,1.4970327681166202,1.0,0.005419831939065256,True
KR,H3_recent_volume,adjusted,6h_window,recent_games_4,0.0026610464934372505,0.2661046493437251,0.009030051722335624,-0.015037529660874457,0.020359622647748956,-1.5037529660874456,2.0359622647748954,0.29468784623406014,0.7682323484107141,True,0 recent ranked games,alias_confirmed_ge10m,1.0,False,False,0.2562101630150821,-1.5121138980952353,2.0245342241253996,1.0,0.009894486328642982,True
KR,H3_recent_volume,adjusted,6h_window,recent_games_5,-0.01620388397155699,-1.620388397155699,0.009555312666658372,-0.034931952659226786,0.0025241847161128032,-3.4931952659226786,0.25241847161128034,-1.6957984041796632,0.08992406481959078,True,0 recent ranked games,alias_confirmed_ge10m,0.5395443889175446,False,False,-1.5844675921054838,-3.456740682130838,0.2878054979198696,0.583083373851033,-0.03592080505021511,True
KR,H3_recent_volume,adjusted,6h_window,recent_games_6+,-0.0004908257740150474,-0.04908257740150474,0.009027920911898087,-0.0181852256166113,0.017203574068581206,-1.81852256166113,1.7203574068581207,-0.05436753143995511,0.9566423467375571,True,0 recent ranked games,alias_confirmed_ge10m,1.0,False,False,-0.0645861115462878,-1.8324923605051378,1.7033201374125624,1.0,0.015503534144783053,True
KR,H1_session_depth,adjusted,30m_session_boundary,session_depth_2,0.0067917991737910036,0.6791799173791003,0.007158022498580999,-0.007237667123955165,0.020821265471537172,-0.7237667123955165,2.082126547153717,0.9488373604773391,0.34270333705263734,True,session depth 1,authoritative_ge5m,0.8864147882853715,False,False,0.6895658106100276,-0.7163525445554458,2.0954841657755012,0.8998813212140085,-0.010385893230927312,True
KR,H1_session_depth,adjusted,30m_session_boundary,session_depth_3,0.006782060548947875,0.6782060548947876,0.0073093200262604454,-0.007543943453999959,0.02110806455189571,-0.754394345399996,2.110806455189571,0.9278647705370312,0.35347772078685774,True,session depth 1,authoritative_ge5m,0.8864147882853715,False,False,0.6886274275798397,-0.745894569047823,2.123149424207502,0.8998813212140085,-0.010421372685052166,True
KR,H1_session_depth,adjusted,30m_session_boundary,session_depth_4,0.02117741694705897,2.117741694705897,0.008308623627985682,0.004892813875108513,0.03746202001900943,0.48928138751085126,3.746202001900943,2.5488477869821575,0.010807946130977767,True,session depth 1,authoritative_ge5m,0.07565562291684437,True,False,2.1190242049408012,0.4891490113492304,3.748899398532372,0.07580117356539845,-0.0012825102349043327,True
KR,H1_session_depth,adjusted,30m_session_boundary,session_depth_5,0.01734695287684421,1.734695287684421,0.00894599357766609,-0.00018687234130795177,0.03488077809499637,-0.018687234130795177,3.488077809499637,1.9390750425029746,0.052492201177967365,True,session depth 1,authoritative_ge5m,0.26246100588983684,False,False,1.7333591049783794,-0.024637650736366104,3.491355860693125,0.26649167477507707,0.0013361827060416331,True
KR,H1_session_depth,adjusted,30m_session_boundary,session_depth_6,0.012217918534088396,1.2217918534088397,0.010487286843275238,-0.008336785974271826,0.032772623042448615,-0.8336785974271825,3.2772623042448616,1.1650218704490658,0.24401014016239192,True,session depth 1,authoritative_ge5m,0.8864147882853715,False,False,1.275056013763286,-0.7844695476026639,3.3345815751292354,0.8998813212140085,-0.053264160354446366,True
KR,H1_session_depth,adjusted,30m_session_boundary,session_depth_7,0.014228730581630152,1.4228730581630151,0.011641187156350782,-0.008587576982107627,0.03704503814536793,-0.8587576982107628,3.704503814536793,1.2222748754509758,0.22160369707134286,True,session depth 1,authoritative_ge5m,0.8864147882853715,False,False,1.3912925100925035,-0.9003733924443927,3.6829584126294,0.8998813212140085,0.03158054807051158,True
KR,H1_session_depth,adjusted,30m_session_boundary,session_depth_8+,0.02086164744364508,2.086164744364508,0.0089309314573085,0.0033573434389246003,0.03836595144836556,0.33573434389246004,3.836595144836556,2.335887084495901,0.01949712727430544,True,session depth 1,authoritative_ge5m,0.11698276364583263,True,False,2.119853297792171,0.36751309729920295,3.8721934982851383,0.10643402371262983,-0.03368855342766297,True
KR,H2_post_loss_requeue,adjusted,categorical_requeue_gap,post_loss_gap_5-10m,-0.006191546935058785,-0.6191546935058785,0.007140002294217915,-0.020185694281259256,0.007802600411141688,-2.0185694281259257,0.7802600411141688,-0.8671631576467134,0.38585261956216677,True,<=5m,authoritative_ge5m,1.0,False,False,-0.6419616594132668,-2.0430793391879645,0.759156020361431,1.0,0.022806965907388288,True
KR,H2_post_loss_requeue,adjusted,categorical_requeue_gap,post_loss_gap_10-20m,-0.016714690107688366,-1.6714690107688366,0.009025450223006482,-0.03440424748904007,0.0009748672736633393,-3.440424748904007,0.09748672736633393,-1.8519508384281476,0.06403288269229952,True,<=5m,authoritative_ge5m,0.5122630615383962,False,False,-1.6606758125758618,-3.429699542135911,0.10834791698418715,0.5262381117201698,-0.010793198192974751,True
KR,H2_post_loss_requeue,adjusted,categorical_requeue_gap,post_loss_gap_20-30m,0.008262019599466538,0.8262019599466538,0.013127144480036013,-0.017466710801257824,0.0339907500001909,-1.7466710801257823,3.3990750000190904,0.6293843731233064,0.5290974460306224,True,<=5m,authoritative_ge5m,1.0,False,False,0.8189919919439036,-1.7558328913904069,3.393816875278214,1.0,0.0072099680027502,True
KR,H2_post_loss_requeue,adjusted,categorical_requeue_gap,post_loss_gap_30-60m,-0.00609480939280964,-0.609480939280964,0.01229192720400385,-0.03018654401324531,0.017996925227626033,-3.018654401324531,1.7996925227626033,-0.49583838983559697,0.6200084370904566,True,<=5m,authoritative_ge5m,1.0,False,False,-0.6927986262471421,-3.106576688654379,1.7209794361600947,1.0,0.08331768696617803,True
KR,H2_post_loss_requeue,adjusted,categorical_requeue_gap,post_loss_gap_1-2h,0.003941975366863628,0.3941975366863628,0.012534990167960674,-0.020626153908902975,0.028510104642630235,-2.0626153908902976,2.8510104642630236,0.31447773903638815,0.7531582211613375,True,<=5m,authoritative_ge5m,1.0,False,False,0.3638476164252632,-2.0979418302043786,2.825637063054905,1.0,0.030349920261099617,True
KR,H2_post_loss_requeue,adjusted,categorical_requeue_gap,post_loss_gap_2-6h,-0.006597911851692328,-0.6597911851692329,0.012424266120825448,-0.030949025982851375,0.017753202279466716,-3.0949025982851373,1.7753202279466715,-0.5310504288565555,0.59538383406188,True,<=5m,authoritative_ge5m,1.0,False,False,-0.6643110621943675,-3.1008698759601447,1.7722477515714097,1.0,0.004519877025134678,True
KR,H2_post_loss_requeue,adjusted,categorical_requeue_gap,post_loss_gap_6-24h,0.010676373898648311,1.067637389864831,0.010375446993231936,-0.009659128531590677,0.0310118763288873,-0.9659128531590677,3.1011876328887302,1.0290037533431258,0.30347791113037204,True,<=5m,authoritative_ge5m,1.0,False,False,1.0121156454584836,-1.0198548366496256,3.044086127566593,1.0,0.055521744406347384,True
KR,H2_post_loss_requeue,adjusted,categorical_requeue_gap,post_loss_gap_>24h,-0.0024539777292345876,-0.24539777292345877,0.010762531174056745,-0.023548151212875394,0.018640195754406216,-2.3548151212875394,1.8640195754406217,-0.22801120754474008,0.8196375276404675,True,<=5m,authoritative_ge5m,1.0,False,False,-0.31755384830357536,-2.4267328988407586,1.791625202233608,1.0,0.07215607538011659,True
KR,H3_recent_volume,adjusted,6h_window,recent_games_1,-0.007543380137285996,-0.7543380137285995,0.008182769635681875,-0.02358131391701041,0.008494553642438419,-2.358131391701041,0.8494553642438418,-0.9218614812755146,0.35660083315539065,True,0 recent ranked games,authoritative_ge5m,1.0,False,False,-0.7324640918002007,-2.3385456591909652,0.8736174755905638,1.0,-0.021873921928398876,True
KR,H3_recent_volume,adjusted,6h_window,recent_games_2,-0.004688894146897772,-0.4688894146897772,0.008562425414845086,-0.02147093958030457,0.012093151286509028,-2.147093958030457,1.2093151286509027,-0.5476128456276433,0.5839577671838245,True,0 recent ranked games,authoritative_ge5m,1.0,False,False,-0.4401402373688747,-2.1217754990639777,1.2414950243262282,1.0,-0.028749177320902486,True
KR,H3_recent_volume,adjusted,6h_window,recent_games_3,-0.0021597004540017685,-0.21597004540017686,0.008740828673739822,-0.019291409849566826,0.01497200894156329,-1.9291409849566825,1.4972008941563288,-0.24708188829855263,0.8048448502983925,True,0 recent ranked games,authoritative_ge5m,1.0,False,False,-0.2196236563536652,-1.9362800808239506,1.4970327681166202,1.0,0.0036536109534883454,True
KR,H3_recent_volume,adjusted,6h_window,recent_games_4,0.002513054244254542,0.2513054244254542,0.00900786223446764,-0.015142031313000527,0.02016813980150961,-1.5142031313000526,2.0168139801509612,0.2789845336042778,0.780256694120659,True,0 recent ranked games,authoritative_ge5m,1.0,False,False,0.2562101630150821,-1.5121138980952353,2.0245342241253996,1.0,-0.004904738589627866,True
KR,H3_recent_volume,adjusted,6h_window,recent_games_5,-0.015889352959254477,-1.5889352959254477,0.0095475681168445,-0.034602242608212604,0.00282353668970365,-3.4602242608212603,0.28235366897036496,-1.6642303846171411,0.09606639820577403,True,0 recent ranked games,authoritative_ge5m,0.5763983892346443,False,False,-1.5844675921054838,-3.456740682130838,0.2878054979198696,0.583083373851033,-0.004467703819963864,True
KR,H3_recent_volume,adjusted,6h_window,recent_games_6+,-0.0004670438760120924,-0.04670438760120924,0.009009280435758224,-0.018124909056719537,0.01719082130469535,-1.8124909056719536,1.7190821304695352,-0.05184030837339406,0.9586559372772362,True,0 recent ranked games,authoritative_ge5m,1.0,False,False,-0.0645861115462878,-1.8324923605051378,1.7033201374125624,1.0,0.017881723945078552,True
EU,H1_session_depth,adjusted,30m_session_boundary,session_depth_2,-0.003137162307914572,-0.3137162307914572,0.002899709898984161,-0.008820489275537805,0.002546164659708662,-0.8820489275537805,0.2546164659708662,-1.0818883326961766,0.27930214978365525,True,session depth 1,alias_confirmed_ge10m,1.0,False,False,-0.4083233467308742,-0.8728955955536786,0.05624890209193012,0.5946528572178243,0.09460711593941701,True
EU,H1_session_depth,adjusted,30m_session_boundary,session_depth_3,-0.004214062709753136,-0.4214062709753136,0.003083766276683298,-0.01025813354879158,0.0018300081292853083,-1.0258133548791581,0.18300081292853082,-1.366531160813365,0.17177230724717202,True,session depth 1,alias_confirmed_ge10m,1.0,False,False,-0.41017103420645645,-0.9025561503922752,0.08221408197936225,0.6141111388088697,-0.011235236768857126,True
EU,H1_session_depth,adjusted,30m_session_boundary,session_depth_4,-0.004901870111235123,-0.49018701112351226,0.003410369123062754,-0.011586070766425568,0.0017823305439553221,-1.1586070766425567,0.17823305439553222,-1.4373429779451248,0.15062056260340123,True,session depth 1,alias_confirmed_ge10m,1.0,False,False,-0.4472725047223856,-0.9839160879007057,0.08937107845593444,0.6141111388088697,-0.04291450640112665,True
EU,H1_session_depth,adjusted,30m_session_boundary,session_depth_5,0.001552273581069594,0.1552273581069594,0.003986465813097377,-0.006261055838201448,0.009365603000340636,-0.6261055838201448,0.9365603000340635,0.3893859006565815,0.6969907003380198,True,session depth 1,alias_confirmed_ge10m,1.0,False,False,0.11917908999185135,-0.4952832537490678,0.7336414337327705,1.0,0.03604826811510804,True
EU,H1_session_depth,adjusted,30m_session_boundary,session_depth_6,0.0005325052127478058,0.053250521274780575,0.004568221063768479,-0.008421043545655666,0.009486053971151279,-0.8421043545655666,0.9486053971151278,0.11656730383982869,0.9072029487987867,True,session depth 1,alias_confirmed_ge10m,1.0,False,False,-0.03059359008628178,-0.7327687882219412,0.6715816080493777,1.0,0.08384411136106236,False
EU,H1_session_depth,adjusted,30m_session_boundary,session_depth_7,-0.00021383878634936038,-0.021383878634936036,0.005228767654770283,-0.010462035073227077,0.010034357500528357,-1.0462035073227076,1.0034357500528357,-0.04089659370392411,0.967378333007852,True,session depth 1,alias_confirmed_ge10m,1.0,False,False,-0.1807327947885687,-0.9775969951353878,0.6161314055582503,1.0,0.15934891615363267,True
EU,H1_session_depth,adjusted,30m_session_boundary,session_depth_8+,-0.001458941559911861,-0.1458941559911861,0.004154295636340355,-0.009601211388270863,0.006683328268447141,-0.9601211388270864,0.6683328268447141,-0.35118867014411304,0.725446809405347,True,session depth 1,alias_confirmed_ge10m,1.0,False,False,-0.019876288184711464,-0.6407856375254037,0.6010330611559809,1.0,-0.12601786780647464,True
EU,H2_post_loss_requeue,adjusted,categorical_requeue_gap,post_loss_gap_5-10m,-0.0004120575480789094,-0.04120575480789094,0.003358535085900321,-0.006994665357257675,0.0061705502610998565,-0.6994665357257674,0.6170550261099856,-0.122689666041839,0.9023528473428954,True,<=5m,alias_confirmed_ge10m,1.0,False,False,-0.16390459628128326,-0.6640558382228641,0.33624664566029755,1.0,0.12269884147339233,True
EU,H2_post_loss_requeue,adjusted,categorical_requeue_gap,post_loss_gap_10-20m,-0.008657960831243674,-0.8657960831243674,0.004054204868652395,-0.01660405635974931,-0.0007118653027380385,-1.6604056359749308,-0.07118653027380385,-2.1355508938850325,0.032716037662612524,True,<=5m,alias_confirmed_ge10m,0.22901226363828767,True,False,-0.6711802878911843,-1.3259384850594074,-0.016422090722961226,0.31166927421557283,-0.19461579523318306,True
EU,H2_post_loss_requeue,adjusted,categorical_requeue_gap,post_loss_gap_20-30m,0.0001409182253979781,0.014091822539797811,0.006264690205399369,-0.012137648951485619,0.012419485402281575,-1.2137648951485618,1.2419485402281576,0.022494045320313596,0.9820538619457109,True,<=5m,alias_confirmed_ge10m,1.0,False,False,0.0037462691131939273,-1.022872756787668,1.0303652950140563,1.0,0.010345553426603885,True
EU,H2_post_loss_requeue,adjusted,categorical_requeue_gap,post_loss_gap_30-60m,0.002605948850815277,0.2605948850815277,0.005318534568073559,-0.007818187353140191,0.013030085054770747,-0.7818187353140191,1.3030085054770748,0.48997497665210904,0.6241516060834074,True,<=5m,alias_confirmed_ge10m,1.0,False,False,-0.36229091058304863,-1.1889065226010422,0.4643247014349449,1.0,0.6228857956645764,False
EU,H2_post_loss_requeue,adjusted,categorical_requeue_gap,post_loss_gap_1-2h,0.0007759930739030162,0.07759930739030162,0.005621254907392959,-0.01024146409250622,0.011793450240312253,-1.024146409250622,1.1793450240312253,0.1380462346374732,0.8902038773592071,True,<=5m,alias_confirmed_ge10m,1.0,False,False,0.07672469669754317,-0.800139243151003,0.9535886365460893,1.0,0.0008746106927584457,True
EU,H2_post_loss_requeue,adjusted,categorical_requeue_gap,post_loss_gap_2-6h,-0.002904280591244857,-0.29042805912448566,0.005320275439934184,-0.013331828841348849,0.007523267658859134,-1.333182884134885,0.7523267658859134,-0.5458891412736302,0.5851421430081508,True,<=5m,alias_confirmed_ge10m,1.0,False,False,-0.23646196936358918,-1.0526652208699638,0.5797412821427854,1.0,-0.05396608976089648,True
EU,H2_post_loss_requeue,adjusted,categorical_requeue_gap,post_loss_gap_6-24h,0.010521214107241777,1.0521214107241776,0.004501838676433747,0.0016977724372221684,0.019344655777261386,0.16977724372221684,1.9344655777261386,2.337092655567223,0.019434366823378114,True,<=5m,alias_confirmed_ge10m,0.1554749345870249,True,False,0.863140785305823,0.16849981849029463,1.5577817521213515,0.1190044643145187,0.1889806254183546,True
EU,H2_post_loss_requeue,adjusted,categorical_requeue_gap,post_loss_gap_>24h,0.0018600758646906102,0.18600758646906101,0.004891680357159573,-0.007727441459224183,0.011447593188605403,-0.7727441459224182,1.1447593188605403,0.38025294558916983,0.703757660703862,True,<=5m,alias_confirmed_ge10m,1.0,False,False,-0.43489750130117555,-1.2024690938928038,0.3326740912904526,1.0,0.6209050877702366,False
EU,H3_recent_volume,adjusted,6h_window,recent_games_1,-0.003415465280015393,-0.34154652800153934,0.0035153301821827386,-0.010305385830860186,0.003474455270829401,-1.0305385830860185,0.3474455270829401,-0.9715916010753398,0.33125376254892563,True,0 recent ranked games,alias_confirmed_ge10m,1.0,False,False,-0.6213158177277578,-1.1743231983531883,-0.06830843710232734,0.16596550863429238,0.27976928972621845,True
EU,H3_recent_volume,adjusted,6h_window,recent_games_2,-0.0019463204698464951,-0.1946320469846495,0.003543576692804198,-0.008891603164198278,0.004998962224505287,-0.8891603164198278,0.49989622245052867,-0.5492530961158006,0.5828317709622923,True,0 recent ranked games,alias_confirmed_ge10m,1.0,False,False,-0.4378130652321734,-0.9986428247951145,0.12301669433076755,0.6300211782191812,0.2431810182475239,True
EU,H3_recent_volume,adjusted,6h_window,recent_games_3,-0.00044491077826776314,-0.04449107782677631,0.00370435177902097,-0.007705306851215741,0.006815485294680215,-0.7705306851215742,0.6815485294680215,-0.12010489413760521,0.9044000554974634,True,0 recent ranked games,alias_confirmed_ge10m,1.0,False,False,-0.3552351883221833,-0.9416778212262878,0.23120744458192122,0.9405318052268483,0.310744110495407,True
EU,H3_recent_volume,adjusted,6h_window,recent_games_4,0.0020293529336195583,0.20293529336195582,0.0038824721519790783,-0.005580152655239154,0.00963885852247827,-0.5580152655239154,0.9638858522478271,0.5226960694579874,0.601185773934624,True,0 recent ranked games,alias_confirmed_ge10m,1.0,False,False,-0.06850938142013545,-0.680270496188414,0.5432517333481431,1.0,0.2714446747820913,False
EU,H3_recent_volume,adjusted,6h_window,recent_games_5,0.001353193773156253,0.1353193773156253,0.004138438503899223,-0.006757996646720048,0.009464384193032555,-0.6757996646720048,0.9464384193032555,0.32698172798297676,0.7436817052284816,True,0 recent ranked games,alias_confirmed_ge10m,1.0,False,False,-0.2555608451724666,-0.8972490547974457,0.3861273644525127,1.0,0.39088022248809184,False
EU,H3_recent_volume,adjusted,6h_window,recent_games_6+,0.0014326045480504656,0.14326045480504657,0.0038437048305233305,-0.006100918486977894,0.008966127583078826,-0.6100918486977894,0.8966127583078826,0.37271450624251307,0.7093609387652886,True,0 recent ranked games,alias_confirmed_ge10m,1.0,False,False,-0.18202578391287874,-0.7744576438919277,0.4104060760661702,1.0,0.3252862387179253,False
EU,H1_session_depth,adjusted,30m_session_boundary,session_depth_2,-0.003989175425954123,-0.3989175425954123,0.00236566794770741,-0.00862579940284143,0.0006474485509331846,-0.862579940284143,0.06474485509331845,-1.686278680750639,0.09174213534897255,True,session depth 1,authoritative_ge5m,0.6421949474428078,False,False,-0.4083233467308742,-0.8728955955536786,0.05624890209193012,0.5946528572178243,0.009405804135461937,True
EU,H1_session_depth,adjusted,30m_session_boundary,session_depth_3,-0.003924108413218266,-0.3924108413218266,0.00250852415493225,-0.00884072541123425,0.0009925085847977185,-0.884072541123425,0.09925085847977186,-1.5643095983360176,0.11774487911140867,True,session depth 1,authoritative_ge5m,0.6824314283212309,False,False,-0.41017103420645645,-0.9025561503922752,0.08221408197936225,0.6141111388088697,0.017760192884629877,True
EU,H1_session_depth,adjusted,30m_session_boundary,session_depth_4,-0.00432570398325572,-0.432570398325572,0.002734999958664299,-0.009686205399956283,0.001034797433444843,-0.9686205399956284,0.1034797433444843,-1.581610255441568,0.11373857138687182,True,session depth 1,authoritative_ge5m,0.6824314283212309,False,False,-0.4472725047223856,-0.9839160879007057,0.08937107845593444,0.6141111388088697,0.01470210639681363,True
EU,H1_session_depth,adjusted,30m_session_boundary,session_depth_5,0.0012307875977690045,0.12307875977690046,0.0031312577395531563,-0.004906364798067482,0.007367939993605492,-0.4906364798067482,0.7367939993605491,0.3930649279431859,0.6942715270380986,True,session depth 1,authoritative_ge5m,1.0,False,False,0.11917908999185135,-0.4952832537490678,0.7336414337327705,1.0,0.0038996697850491036,True
EU,H1_session_depth,adjusted,30m_session_boundary,session_depth_6,-0.00035760968169805727,-0.03576096816980573,0.0035756398387619447,-0.007365734987358075,0.00665051562396196,-0.7365734987358075,0.665051562396196,-0.10001278032014506,0.9203341790911477,True,session depth 1,authoritative_ge5m,1.0,False,False,-0.03059359008628178,-0.7327687882219412,0.6715816080493777,1.0,-0.005167378083523948,True
EU,H1_session_depth,adjusted,30m_session_boundary,session_depth_7,-0.0016846985611905258,-0.16846985611905257,0.004060406556285984,-0.009642949174101363,0.006273552051720311,-0.9642949174101363,0.6273552051720311,-0.4149088367967526,0.6782086405830237,True,session depth 1,authoritative_ge5m,1.0,False,False,-0.1807327947885687,-0.9775969951353878,0.6161314055582503,1.0,0.012262938669516138,True
EU,H1_session_depth,adjusted,30m_session_boundary,session_depth_8+,-7.775795356293457e-05,-0.007775795356293457,0.003155189573136074,-0.006261815881305946,0.006106299974180077,-0.6261815881305947,0.6106299974180077,-0.024644463275671803,0.9803385534917254,True,session depth 1,authoritative_ge5m,1.0,False,False,-0.019876288184711464,-0.6407856375254037,0.6010330611559809,1.0,0.012100492828418007,True
EU,H2_post_loss_requeue,adjusted,categorical_requeue_gap,post_loss_gap_5-10m,-0.001499961640516762,-0.1499961640516762,0.002548623426492423,-0.006495171766596977,0.0034952484855634526,-0.6495171766596977,0.34952484855634525,-0.5885379632490879,0.5561712600690922,True,<=5m,authoritative_ge5m,1.0,False,False,-0.16390459628128326,-0.6640558382228641,0.33624664566029755,1.0,0.013908432229607054,True
EU,H2_post_loss_requeue,adjusted,categorical_requeue_gap,post_loss_gap_10-20m,-0.0065299987526344526,-0.6529998752634453,0.0033346492620067864,-0.013065791207240825,5.793701971919425e-06,-1.3065791207240824,0.0005793701971919425,-1.95822655984657,0.05020343389181748,True,<=5m,authoritative_ge5m,0.35142403724272236,False,False,-0.6711802878911843,-1.3259384850594074,-0.016422090722961226,0.31166927421557283,0.018180412627739062,True
EU,H2_post_loss_requeue,adjusted,categorical_requeue_gap,post_loss_gap_20-30m,-7.04221927189518e-05,-0.00704221927189518,0.005235777435109308,-0.010332357396600695,0.01019151301116279,-1.0332357396600695,1.019151301116279,-0.013450188361087505,0.9892686259322355,True,<=5m,authoritative_ge5m,1.0,False,False,0.0037462691131939273,-1.022872756787668,1.0303652950140563,1.0,-0.010788488385089107,False
EU,H2_post_loss_requeue,adjusted,categorical_requeue_gap,post_loss_gap_30-60m,-0.0035336816263813204,-0.35336816263813203,0.004218793437443451,-0.011802364821984417,0.0047350015692217765,-1.1802364821984417,0.4735001569221776,-0.837604798333691,0.4022526970642434,True,<=5m,authoritative_ge5m,1.0,False,False,-0.36229091058304863,-1.1889065226010422,0.4643247014349449,1.0,0.008922747944916598,True
EU,H2_post_loss_requeue,adjusted,categorical_requeue_gap,post_loss_gap_1-2h,0.0007871936881961387,0.07871936881961387,0.004473272905051071,-0.007980260098722821,0.0095546474751151,-0.7980260098722821,0.9554647475115099,0.17597712120520653,0.8603119165703782,True,<=5m,authoritative_ge5m,1.0,False,False,0.07672469669754317,-0.800139243151003,0.9535886365460893,1.0,0.0019946721220707037,True
EU,H2_post_loss_requeue,adjusted,categorical_requeue_gap,post_loss_gap_2-6h,-0.0024064300670528973,-0.24064300670528974,0.004160885801974616,-0.010561616382707204,0.005748756248601409,-1.0561616382707204,0.5748756248601409,-0.5783456171546182,0.5630308021450888,True,<=5m,authoritative_ge5m,1.0,False,False,-0.23646196936358918,-1.0526652208699638,0.5797412821427854,1.0,-0.004181037341700555,True
EU,H2_post_loss_requeue,adjusted,categorical_requeue_gap,post_loss_gap_6-24h,0.008739967626669731,0.8739967626669731,0.0035415391880627093,0.0017986783682295959,0.015681256885109865,0.1798678368229596,1.5681256885109864,2.4678443926666427,0.013592939473415593,True,<=5m,authoritative_ge5m,0.10874351578732475,True,False,0.863140785305823,0.16849981849029463,1.5577817521213515,0.1190044643145187,0.010855977361150071,True
EU,H2_post_loss_requeue,adjusted,categorical_requeue_gap,post_loss_gap_>24h,-0.004238899607244224,-0.42388996072442237,0.00391099531706523,-0.011904309572396885,0.003426510357908437,-1.1904309572396885,0.3426510357908437,-1.0838416473546302,0.2784350158755339,True,<=5m,authoritative_ge5m,1.0,False,False,-0.43489750130117555,-1.2024690938928038,0.3326740912904526,1.0,0.011007540576753183,True
EU,H3_recent_volume,adjusted,6h_window,recent_games_1,-0.006381302343573848,-0.6381302343573848,0.0028182538490451035,-0.011904978386993633,-0.0008576263001540633,-1.1904978386993634,-0.08576263001540632,-2.264275216278334,0.023557192916482936,True,0 recent ranked games,authoritative_ge5m,0.14134315749889761,True,False,-0.6213158177277578,-1.1743231983531883,-0.06830843710232734,0.16596550863429238,-0.016814416629627016,True
EU,H3_recent_volume,adjusted,6h_window,recent_games_2,-0.004492740688032857,-0.4492740688032857,0.0028559302642392273,-0.010090261148299702,0.0011047797722339887,-1.0090261148299702,0.11047797722339887,-1.5731268876866813,0.11568944019539412,True,0 recent ranked games,authoritative_ge5m,0.5784472009769706,False,False,-0.4378130652321734,-0.9986428247951145,0.12301669433076755,0.6300211782191812,-0.011461003571112294,True
EU,H3_recent_volume,adjusted,6h_window,recent_games_3,-0.003585523288702163,-0.3585523288702163,0.0029859111710736,-0.009437801645042234,0.002266755067637909,-0.9437801645042234,0.2266755067637909,-1.2008137828872416,0.22982344416901246,True,0 recent ranked games,authoritative_ge5m,0.9192937766760498,False,False,-0.3552351883221833,-0.9416778212262878,0.23120744458192122,0.9405318052268483,-0.003317140548033004,True
EU,H3_recent_volume,adjusted,6h_window,recent_games_4,-0.0008813425327539063,-0.08813425327539064,0.0031146268757822376,-0.006985899034567601,0.005223213969059788,-0.6985899034567601,0.5223213969059788,-0.28296889736834285,0.7772006792951104,True,0 recent ranked games,authoritative_ge5m,1.0,False,False,-0.06850938142013545,-0.680270496188414,0.5432517333481431,1.0,-0.019624871855255188,True
EU,H3_recent_volume,adjusted,6h_window,recent_games_5,-0.002608834068824731,-0.2608834068824731,0.003270719218923297,-0.00901932594145737,0.0038016578038079078,-0.901932594145737,0.3801657803807908,-0.7976331486148007,0.42508340868860395,True,0 recent ranked games,authoritative_ge5m,1.0,False,False,-0.2555608451724666,-0.8972490547974457,0.3861273644525127,1.0,-0.0053225617100065015,True
EU,H3_recent_volume,adjusted,6h_window,recent_games_6+,-0.002016312874820271,-0.2016312874820271,0.0030167751456510916,-0.007929083509751987,0.003896457760111444,-0.7929083509751987,0.3896457760111444,-0.6683669738286387,0.5038993716131828,True,0 recent ranked games,authoritative_ge5m,1.0,False,False,-0.18202578391287874,-0.7744576438919277,0.4104060760661702,1.0,-0.019605503569148364,True
