source,depth_bucket_num,n,wins,mean_kda,mean_damage_per_min,threshold_minutes,session_depth,win_rate,win_rate_ci_low,win_rate_ci_high
NA,1,50322,26274,3.9256699776365984,705.4577014711163,30,1,0.5221175628949565,0.5177517485624716,0.5264800006835182
NA,7,2684,1413,3.9304395915114636,708.1581247591045,30,7,0.5264530551415797,0.507539313066004,0.5452911838868568
NA,8,7719,4065,3.811888504701777,702.2642236911898,30,8+,0.5266226195102993,0.5154737841514941,0.5377449698772544
EU,3,113374,59949,3.8387262043787134,733.1001350169388,30,3,0.5287720288602326,0.5258654676307939,0.5316766403865787
EU,4,70653,37355,3.836440117509978,736.9154672250177,30,4,0.5287107412282565,0.5250285359107906,0.5323898246645892
EU,6,31266,16668,3.8472829210043327,741.313260185325,30,6,0.5331030512377662,0.5275692858395755,0.5386286833035039
KR,5,6062,3252,3.835960600277732,701.1339156358065,30,5,0.5364566149785549,0.5238843343435617,0.5489827201287014
NA,3,14435,7688,3.9748616682916458,716.3835441609332,30,3,0.5325943886387253,0.5244475345190704,0.5407238992613832
NA,4,8822,4626,3.905956452587203,710.1288154518569,30,4,0.5243708909544321,0.5139413382467724,0.5347792287389683
NA,6,3908,2074,4.09525210194701,720.4514747360555,30,6,0.5307062436028659,0.5150371336665257,0.5463150459978191
EU,1,395188,207330,3.883474191656747,722.7281875988083,30,1,0.5246363755984493,0.5230791444709383,0.5261931277706154
EU,7,21612,11480,3.8470746815198513,744.3335578967899,30,7,0.5311863779381825,0.5245283224620468,0.5378333488412891
EU,8,54594,28974,3.8011256250755663,739.7932871427028,30,8+,0.5307176612814595,0.5265294030125368,0.5349015970120646
KR,2,23506,12374,3.909742566457632,688.1974188584284,30,2,0.5264187866927593,0.5200320369399268,0.5327969028968415
NA,2,25297,13235,3.9351190960283358,706.8898954139464,30,2,0.5231845673400007,0.5170266815745419,0.5293354128209806
EU,5,46354,24762,3.842377316636108,741.9299086653226,30,5,0.5341933813694612,0.5296496822841571,0.5387314135616427
KR,3,13913,7330,3.8680298308131453,695.111323915686,30,3,0.5268453963918637,0.5185428971916957,0.5351330753492245
KR,4,8988,4858,3.8635232277343343,698.9738272486742,30,4,0.5404984423676013,0.5301804796430997,0.5507818019244713
KR,6,4148,2202,3.741306956892597,701.1034571449843,30,6,0.5308582449373191,0.5156497622856718,0.5460096248896552
NA,5,5764,3049,3.9590499404848822,705.5732961511255,30,5,0.528972935461485,0.5160716900245919,0.5418355881807093
EU,2,195318,103121,3.8814622103653766,728.4669117323044,30,2,0.5279646525153852,0.5257501801803173,0.5301780248704377
KR,1,46154,24242,3.945917315651933,685.4480678800712,30,1,0.5252415825280582,0.5206839269733009,0.5297950366515186
KR,7,2876,1534,3.8747722619504055,697.5672707782433,30,7,0.5333796940194715,0.5151144643603439,0.5515558724430664
KR,8,7466,4016,3.8947115213530776,700.6202363515649,30,8+,0.5379051701044736,0.5265796124096708,0.5491917413894977
EU,2,191116,100760,3.8814340413903348,727.9662793580377,45,2,0.5272190711400406,0.5249802114083154,0.5294568366793458
KR,1,42158,22217,3.9566539947735513,684.6345716564437,45,1,0.5269936904027706,0.5222255546715019,0.5317569072241192
KR,7,3261,1744,3.8813651179505992,704.763813654204,45,7,0.5348052744556885,0.5176549717597554,0.5518736723913134
KR,8,9778,5230,3.88669707760336,700.5136838388574,45,8+,0.5348742074043772,0.524976136294346,0.5447448873872444
NA,5,6301,3316,3.9369738002797887,706.7096635601707,45,5,0.5262656721155372,0.5139248278988586,0.5385745096597281
EU,3,116273,61433,3.8411903442479827,732.1015081840775,45,3,0.528351379942033,0.5254811680687147,0.5312197185161253
EU,4,75592,40006,3.8342679244147444,736.325074529403,45,4,0.529235897978622,0.5256762521749324,0.5327925724945793
EU,6,35950,19097,3.8554709304142576,739.492060665556,45,6,0.5312100139082059,0.5260484835179251,0.5363648750816044
KR,5,6595,3534,3.852039002079253,698.4431377680284,45,5,0.5358605003790751,0.5238068705805888,0.5478723784136023
NA,7,3133,1651,3.9033870338025825,706.4469099776144,45,7,0.5269709543568465,0.5094660374612263,0.5444098125677184
NA,1,46227,24159,3.9257637711375577,704.5771552010283,45,1,0.5226166526056201,0.5180616702304647,0.5271678764102236
NA,8,9982,5267,3.9023902261178054,704.2633759691487,45,8+,0.5276497695852534,0.517847368563087,0.5374308973974052
EU,1,358625,188213,3.88514025891576,722.3053553501336,45,1,0.5248184036249565,0.5231837322479089,0.5264525433165148
EU,7,25671,13626,3.854911876295396,741.8650833250947,45,7,0.5307935023956994,0.5246845491502514,0.5368932410197769
EU,8,73601,38965,3.8096810582309746,738.3083445731689,45,8+,0.529408567818372,0.5258011433404655,0.5330129226122737
KR,2,22936,12009,3.9058248753256306,687.6506927228387,45,2,0.5235873735612138,0.5171203488998571,0.5300464984361323
NA,3,14756,7803,3.9421961210606535,715.7738354196069,45,3,0.5288018433179723,0.5207413842138238,0.5368473102427842
NA,4,9383,4902,3.9211337008751515,709.7878090915628,45,4,0.5224341894916338,0.512320366400109,0.5325296507059529
NA,6,4409,2352,4.119763087591426,719.575907725043,45,6,0.5334542980267635,0.5187059321360652,0.5481444187666018
EU,5,51531,27539,3.854198089913845,741.3798611225661,45,5,0.5344161766703538,0.53010699242411,0.5387202300838754
KR,3,14221,7479,3.8745190810244683,695.2625059643341,45,3,0.5259123830954222,0.5176997817295016,0.534110989036101
KR,4,9530,5144,3.85199205383839,697.1941863877457,45,4,0.539769150052466,0.5297483681473532,0.5497578836897488
KR,6,4634,2451,3.732137796931738,699.4874858639376,45,6,0.5289167026327147,0.5145268380911546,0.5432586645784746
NA,2,24760,12974,3.923021857323203,708.0243522872693,45,2,0.5239903069466882,0.5177663233616057,0.5302068476012074
EU,7,28652,15165,3.846541214056374,741.0148663378475,60,7,0.5292824235655451,0.5234993270181468,0.5350576692023737
EU,8,89092,47241,3.8265118875457866,736.5898864911594,60,8+,0.5302496295963723,0.5269711991909468,0.5335254515140272
EU,1,333986,175367,3.8897942542690256,721.9984530348738,60,1,0.5250729072476091,0.5233790426494402,0.5267661950824831
NA,3,14912,7876,3.941443890627437,714.4264115030002,60,3,0.5281652360515021,0.5201466589098953,0.5361693057186543
NA,4,9753,5108,3.9359786803379926,710.8918475023337,60,4,0.523736286270891,0.5138169388959438,0.5336369427679243
NA,6,4780,2541,4.107888046932008,719.5501256121562,60,6,0.5315899581589958,0.5174241850576685,0.5457049973367766
KR,2,22531,11772,3.889855714390285,686.7724433064849,60,2,0.5224801384758777,0.5159547458743856,0.5289978668098936
EU,4,78595,41561,3.8302062053180386,736.5133991139968,60,4,0.5287995419555951,0.5253084316058498,0.5322878371937578
EU,6,39271,20854,3.8524773232386837,739.9242662163659,60,6,0.5310279850271192,0.5260895415036393,0.535960358877376
EU,3,117310,61979,3.8413659275986194,731.5524730527516,60,3,0.5283351802915353,0.5254776816474467,0.5311908232564146
NA,7,3438,1821,3.9733987986618646,706.7899254957181,60,7,0.5296684118673648,0.5129606142217997,0.5463099833466014
NA,1,43497,22754,3.923358755824579,704.2510148682951,60,1,0.523116536772651,0.5184209107084811,0.5278080801008963
NA,8,11579,6096,3.8798299151415736,704.3375707297622,60,8+,0.5264703342257535,0.5173686789617703,0.5355544316738484
KR,5,6887,3667,3.85799315543986,695.429173588167,60,5,0.5324524466385945,0.5206537994375848,0.5442149111068746
EU,2,186530,98114,3.8755715055834337,727.2577213944589,60,2,0.5259958183670187,0.5237293267727792,0.5282612392508179
NA,5,6693,3501,3.933873338270691,706.2400492208352,60,5,0.5230838189152847,0.5111081306999525,0.5350330243356058
KR,1,39544,20836,3.961909677507084,684.9729538726514,60,1,0.5269067367995145,0.5219834217621433,0.5318248246933754
KR,7,3554,1910,3.8802138735890157,698.7901156522538,60,7,0.5374226223972988,0.5209987317797454,0.5537657013965912
KR,8,11485,6155,3.8898702841634174,700.0308606981841,60,8+,0.5359164127122333,0.5267851984555058,0.5450236086341417
EU,5,54923,29358,3.86038119153157,741.2064550404247,60,5,0.5345301604063871,0.530356288828527,0.5386992020619087
NA,2,24299,12727,3.924452148362763,708.6903915165335,60,2,0.523766410140335,0.5174835379196541,0.5300417690267398
KR,3,14385,7585,3.8687546147611704,694.4137599249227,60,3,0.5272853667014251,0.5191205699723701,0.5354355944169996
KR,4,9811,5293,3.8846342808956775,699.3054694400066,60,4,0.5394964835388849,0.529620097417675,0.5493419523771792
KR,6,4916,2590,3.752258215471222,699.5201024879615,60,6,0.5268510984540277,0.5128787938999833,0.5407814718239619
NA,5,7168,3721,3.9423061268110766,704.1099941984027,90,5,0.5191127232142857,0.5075390897905299,0.5306658819134953
EU,2,179433,94347,3.870378304205613,726.7069812454756,90,2,0.5258062898129107,0.5234953591388135,0.5281161155433539
KR,1,36258,19154,3.9739334744602175,683.0478030077472,90,1,0.5282696232555574,0.5231285825824423,0.5334046743490348
KR,7,3925,2090,3.87393482261769,698.801815612163,90,7,0.532484076433121,0.5168507465970031,0.5480538830941482
KR,8,13899,7411,3.8717671199566346,702.4652052707828,90,8+,0.5332038276134974,0.5249017452146626,0.5414875610817421
NA,1,40121,20971,3.9194033251067313,704.7397593110818,90,1,0.5226938511004212,0.5178044383006556,0.5275789185873424
NA,7,3846,2017,3.892716001824015,703.0088646745186,90,7,0.5244409776391056,0.5086412868868289,0.540191892871589
NA,8,13952,7362,3.941043845483661,703.8599712327192,90,8+,0.5276662844036697,0.5193759218159916,0.535941416251937
EU,3,117550,62113,3.8480130291497403,730.9687840206753,90,3,0.5283964270523182,0.5255418656980465,0.5312491325130891
EU,4,81641,43202,3.844444023889569,735.5170853393693,90,4,0.5291703923273845,0.5257451803042372,0.5325928593672871
EU,6,43521,23130,3.8541518508142194,738.4481125055092,90,6,0.5314675673812642,0.5267767881614203,0.5361527920092828
KR,5,7264,3884,3.8869380931626876,697.7103067568211,90,5,0.5346916299559471,0.5232058119775101,0.5461407750188688
NA,3,14979,7904,3.914536910115727,715.1214076634778,90,3,0.5276720742372655,0.5196711470043699,0.535658811754017
NA,4,10120,5340,3.9327342926788154,709.4826273618069,90,4,0.5276679841897233,0.5179327066597544,0.5373822646658862
NA,6,5239,2789,4.123491640812244,720.0816676140743,90,6,0.5323535025768277,0.5188238730870021,0.545835720887494
EU,1,302831,158913,3.890652281760453,721.2322686552202,90,1,0.5247580333585399,0.5229791036174399,0.5265363349885205
EU,7,32691,17257,3.843607953199721,740.1296870213615,90,7,0.5278822917622588,0.5224677078644666,0.5332903236371107
EU,8,111672,59131,3.835637858602817,737.2331866486209,90,8+,0.5295060534422237,0.5265776457866308,0.5324324311818064
KR,2,21886,11442,3.8815087775522197,686.7317192997385,90,2,0.5227999634469523,0.5161792100655149,0.5294127144752563
NA,2,23526,12320,3.9200659684011465,709.0744476141659,90,2,0.5236759330102865,0.5172905902275248,0.5300535451738803
EU,5,59020,31546,3.8554174981299645,740.0508855910655,90,5,0.5344967807522873,0.5304704397647364,0.5385186314200139
KR,3,14467,7616,3.8634078248177075,692.9227171487196,90,3,0.5264394829612221,0.5182973561515603,0.5345675724137164
KR,4,10133,5431,3.9001567227927194,698.0947376241143,90,4,0.5359715780124347,0.5262497093675435,0.5456661830691142
KR,6,5281,2780,3.759595575957089,699.3544964497526,90,6,0.5264154516190116,0.5129346833673283,0.5398578180111822
