source,volume_bucket_num,n,wins,mean_kda,median_kda,mean_damage_per_min,mean_cs_per_min,mean_gold_per_min,window_hours,recent_games,win_rate,win_rate_ci_low,win_rate_ci_high
EU,1,200283,105292,3.8706049132965443,2.5,727.3844714539831,6.1335561026065015,420.46108337728435,3,1,0.5257161117019418,0.5235287799150063,0.5279024570298227
NA,3,15220,8006,4.0147522778974665,2.5714285714285716,711.7330043816689,6.087380675823158,415.4101146036146,3,3,0.526018396846255,0.5180801125222267,0.5339435506341652
NA,4,13994,7347,3.962311611498158,2.5714285714285716,704.516930333694,6.080850802792943,415.9392132092584,3,4,0.5250107188795198,0.5167312233326194,0.5332764869318011
NA,6,843,436,3.7654618035845804,2.4,692.7692227231713,6.1877718642158515,414.6606259551716,3,6+,0.5172004744958482,0.4834665595725341,0.5507783391602055
KR,2,17856,9363,3.8702028929307977,2.5,694.4520848003739,6.0154569822311075,410.9411423750365,3,2,0.524361559139785,0.5170320668837971,0.5316805715797612
EU,2,155590,82184,3.864830869941555,2.5,730.7540678245128,6.165179972293779,422.694627272554,3,2,0.5282087537759496,0.5257276120937793,0.5306885025653807
NA,0,36270,19005,3.9240322675110746,2.5,704.5337722777545,6.034389192075112,410.9749058817108,3,0,0.5239867659222498,0.5188447236593096,0.5291237277101245
NA,5,7729,4103,3.8559599736693073,2.5,709.5083112342111,6.13533528428265,416.1790765264406,3,5,0.5308578082546255,0.5197195208564375,0.5419654370649353
KR,1,23829,12502,3.887241592146672,2.5,686.8573313120221,5.993000838935042,409.1575388126191,3,1,0.52465483234714,0.5183106775681695,0.5309910392258691
EU,3,126651,66912,3.8529943272869542,2.5,735.5682295190255,6.203697559794827,424.7975869470215,3,3,0.528317976170737,0.5255678967992821,0.5310663377659413
EU,4,111851,59500,3.8626864474455265,2.5,739.6941219891074,6.211867255211545,426.69477260833406,3,4,0.531957693717535,0.5290324314809766,0.5348807608919429
EU,6,6708,3529,3.6238312118093825,2.4,745.8581823890396,6.279253360388053,428.5175311909118,3,6+,0.5260882528324389,0.514127785926929,0.5380188570096426
NA,1,25798,13478,3.9168878834231133,2.5,710.1067885562893,6.0352237165361755,412.2808697959822,3,1,0.5224436002790914,0.5163455235327329,0.5285349940787
KR,5,9397,5022,3.7863837112991385,2.5,702.0645083468721,6.043941580731854,414.8140654294626,3,5,0.5344258806001916,0.524328498857207,0.5444951274994452
KR,0,32472,17144,3.9863419355261422,2.625,682.0299933046801,5.956264189904603,407.96117473553943,3,0,0.5279625523527962,0.5225297708294612,0.5333887186822788
EU,0,266855,140059,3.8924531094194177,2.5,719.7908582070077,6.080217663111737,417.8849464259916,3,0,0.5248505742819134,0.5229555174793543,0.5267449156316342
EU,5,60421,32163,3.7825319002457105,2.5,740.8081079723714,6.233652204416052,427.67009827168687,3,5,0.5323149236192715,0.5283345331667395,0.5362912052832529
NA,2,19097,10049,3.918132871087223,2.5,710.0464211997696,6.038776165000498,412.4360990862131,3,2,0.5262083049693669,0.5191220351065409,0.5332840330846456
KR,3,14488,7745,3.9116179234785933,2.5714285714285716,697.1621094586669,6.039120888388959,412.80602911187043,3,3,0.5345803423522916,0.5264500651180103,0.5426922866560714
KR,4,12954,6912,3.859987457290647,2.5,702.8408909642478,6.116528778301578,415.34348185417946,3,4,0.5335803612783696,0.5249808566549322,0.5421599555524722
KR,6,2117,1120,3.8372480881334314,2.5,682.7401553192569,5.878304133288016,410.7938831286863,3,6+,0.5290505432215399,0.5077541805487329,0.5502416679803668
EU,2,128723,67901,3.844356390607825,2.5,730.3569552246494,6.163157593778469,421.9105206386646,6,2,0.5274970285030647,0.5247689523843214,0.530223463492398
NA,5,7407,3880,4.094761462343973,2.5714285714285716,716.32070592537,6.12997828034464,417.1436238589156,6,5,0.5238288105845822,0.5124456636539771,0.5351872538711773
NA,0,31568,16545,3.9278466307577835,2.5,704.8865267390929,6.0270837178342385,410.71835142857196,6,0,0.5241066903193107,0.5185948830683876,0.529612631275847
KR,1,20445,10729,3.8845204469918913,2.5555555555555554,687.1892646528584,5.987297478862927,409.15197190645335,6,1,0.5247737833211054,0.5179244974709625,0.5316137613120571
EU,1,168242,88454,3.8620935508806404,2.5,725.3963322820697,6.116705179891912,419.6740485469217,6,1,0.5257545678249189,0.5233679874710667,0.5281399721008261
NA,3,12265,6470,3.9208371691571458,2.5,709.1531428035038,6.056495738235232,414.11854846059526,6,3,0.5275173257236038,0.5186747010438684,0.5363427186746583
NA,4,9440,4968,3.8940821990786127,2.5,708.3154629474861,6.065058309995666,414.4327835346265,6,4,0.5262711864406779,0.5161901704687654,0.536330829821506
NA,6,19473,10242,3.9417520319800987,2.5,701.1509466680092,6.07804107354489,414.6993536109571,6,6+,0.5259590201817902,0.5189414007888693,0.532966399669307
KR,2,15562,8217,3.8984001609761103,2.5,690.0022476380536,5.985088914111508,409.9362168510371,6,2,0.5280169644004626,0.5201676483266342,0.5358524519876899
EU,3,101264,53534,3.868876681971565,2.5,734.006617895688,6.180411335903901,423.6225004884455,6,3,0.5286577658397851,0.5255822259616694,0.5317311315306015
EU,4,80181,42541,3.8606706235595345,2.5,738.6458807188804,6.203522392175351,424.9680920868148,6,4,0.5305621032414163,0.5271063460355294,0.5340149321366914
EU,6,161556,85440,3.836751393439658,2.5,737.7296229386922,6.2093872739500915,426.7409580592407,6,6+,0.5288568669687291,0.5264221453423815,0.5312902163175955
NA,1,22429,11759,3.9315958514922755,2.5454545454545454,711.4689237968227,6.033904746553968,412.36750885725917,6,1,0.5242766061794998,0.517737179072672,0.5308077189064381
KR,0,27724,14671,4.005793720165183,2.625,680.3891770142684,5.948162516444539,407.45336338909146,6,0,0.5291804934352907,0.5233012961113956,0.5350516053361596
KR,5,7431,3831,3.7367225455641835,2.5,696.0914061404915,6.054400557018889,411.3889681926737,6,5,0.5155429955591442,0.5041751196751605,0.5268948098289774
EU,0,224618,118031,3.897549928963804,2.5,718.1502932389897,6.074572744951826,417.4462356074287,6,0,0.5254743609149757,0.5234088888339252,0.527538961676409
EU,5,63775,33738,3.8712042493345673,2.5,737.2216746470608,6.212306501744765,425.52744689105253,6,5,0.529016072128577,0.5251404343345238,0.5328882145927161
NA,2,16369,8560,3.8862703643423115,2.5,711.0364904087988,6.07069594870359,412.7677684259539,6,2,0.5229397030973181,0.5152836659483666,0.530584975844131
KR,3,12005,6364,3.8676777146735644,2.5,696.0931827357715,6.01078609293277,411.8656501311876,6,3,0.5301124531445232,0.521176370955816,0.5390292702360698
KR,4,9348,4992,3.895390113498677,2.5714285714285716,699.3735423612986,6.032605396223476,413.01921612092576,6,4,0.5340179717586649,0.5238937350683801,0.5441142613032994
KR,6,20598,11004,3.8742647877050795,2.5,701.2514586305791,6.097629511518754,415.59803039797004,6,6+,0.5342266239440723,0.5274087012909149,0.5410317826735082
EU,2,118849,62620,3.847134474313354,2.5,728.9739770640608,6.154690000027805,421.2306060899334,12,2,0.5268870583681815,0.5240477180535104,0.5297246606423269
NA,5,7250,3839,4.01132564335656,2.6,717.2548943290675,6.128010224287431,417.0583367840718,12,5,0.5295172413793103,0.518015409797768,0.5409878097280117
NA,0,27575,14473,3.929495870570544,2.5,704.9588567481403,6.018138931936956,410.39748613487734,12,0,0.524859474161378,0.5189622478546787,0.5307497751121708
KR,1,18439,9696,3.916677589379754,2.5555555555555554,685.2604849623132,5.975595178095793,408.3187536980797,12,1,0.5258419653994252,0.5186300979932863,0.5330430675613744
EU,1,149513,78575,3.86756829137466,2.5,724.5256915381166,6.109818458795921,419.0863891839543,12,1,0.5255395851865724,0.5230078496783124,0.5280700083441456
NA,3,11801,6213,3.899960328907975,2.5,709.575250620757,6.096976699228383,414.6873890851258,12,3,0.5264808067112956,0.5174652286294673,0.5354791503509885
NA,4,9300,4862,3.8926254815621517,2.5,711.1566817979491,6.09169743493604,414.6269390217554,12,4,0.5227956989247312,0.5126370051659144,0.5329355684722594
NA,6,27119,14275,3.959357926529712,2.5,700.1133125768637,6.056325020993974,414.02417117023657,12,6+,0.5263837162137247,0.5204378087872584,0.5323221500899343
KR,2,14493,7684,3.9105963691639003,2.5555555555555554,689.3275096500465,5.999534723906435,410.29278782972654,12,2,0.530186986821224,0.5220546370380231,0.538303338351685
EU,0,189199,99389,3.890844685646116,2.5,716.5658024157133,6.057481347068293,416.5690135733272,12,0,0.5253146158277792,0.5230640270995214,0.5275641766110705
EU,5,62687,33154,3.8621556043859826,2.5,734.6496821877521,6.205169752475565,424.61093844321346,12,5,0.5288815862938089,0.524972394255564,0.5327872388222357
NA,2,15371,8049,3.91349267884015,2.5,712.6680960103145,6.075973715717849,413.0209137941187,12,2,0.5236484288595407,0.5157479845157619,0.5315370559152023
KR,3,11475,6051,3.859113606728751,2.5,695.7901657625189,5.993957764212129,411.1131257448388,12,3,0.5273202614379084,0.5181779809226581,0.5364442561950253
KR,4,9138,4845,3.902168918563063,2.5714285714285716,697.4381121120504,6.005975160821639,412.67810105282507,12,4,0.5302035456336178,0.5199600970499085,0.5404216107806721
KR,6,28634,15196,3.854221586269511,2.5,700.192954600133,6.098988729498414,414.8796771753929,12,6+,0.5306977718795837,0.5249136519369267,0.5364736562695204
EU,3,96096,50789,3.847072966382451,2.5,731.6885251560868,6.172923185242864,422.95760480328886,12,3,0.5285235597735598,0.5253663326487057,0.5316785065183711
EU,4,77952,41313,3.861048490049419,2.5,737.506345322855,6.2001896670570416,424.4306959396969,12,4,0.5299799876847291,0.5264749330169741,0.53348208768261
EU,6,234063,123799,3.8611589559162347,2.5,737.9523055286925,6.207548004741265,426.60094287726355,12,6+,0.5289131558597472,0.5268904966043968,0.5309348660810786
NA,1,20535,10713,3.9219037134086157,2.5,712.1657871850989,6.021496488797983,412.03653208675786,12,1,0.5216946676406136,0.5148590323928975,0.5285221876134211
KR,0,23591,12492,4.014000179095541,2.625,679.8410030100533,5.934818255454681,406.8388643962924,12,0,0.5295239710058921,0.523150457571253,0.5358878708884299
KR,5,7343,3844,3.7674682596222513,2.5,693.3279163203342,6.012985210185722,411.59037569820185,12,5,0.5234917608606836,0.5120588981895434,0.5349000571566059
EU,2,80884,42446,3.8415228248376474,2.5,724.0627785219061,6.045185019944422,417.50118563954516,24,2,0.5247762227387369,0.5213335866987112,0.5282165054747885
KR,1,12308,6554,3.96763231158483,2.5714285714285716,682.0846236512801,5.914626014307729,407.3184063473261,24,1,0.532499187520312,0.5236757680905124,0.5413023265897801
NA,5,7973,4188,3.9289879932563707,2.6,715.8488384244531,6.128343745580228,415.72015743482274,24,5,0.5252727956854384,0.5143022187432571,0.5362190310622492
NA,0,15284,7971,3.86086046145083,2.5,706.1544461782661,5.977684351120418,409.3456987752759,24,0,0.5215257785919917,0.5136018815732698,0.5294388578124957
EU,1,89348,47079,3.8493774541309618,2.5,721.9427617899935,5.996534182472601,415.8926022053307,24,1,0.5269172225455522,0.5236423860213116,0.5301897445925466
KR,2,10726,5631,3.895003773904544,2.5,680.9393531923236,5.922578713003907,406.56869361427647,24,2,0.5249860152899497,0.5155282254634826,0.5344259143117488
NA,4,9105,4715,3.901318083174124,2.5,710.9737435141769,6.0682592095489865,413.143575791827,24,4,0.5178473366282262,0.5075783348162449,0.528101284976158
NA,6,49493,26043,3.9881444383300138,2.5555555555555554,703.976574998086,6.11154112913876,415.1148248162872,24,6+,0.5261956236235428,0.5217948075143479,0.53059237363856
NA,3,10579,5560,3.8979604495710256,2.5,709.1115478530273,6.0257436684771974,411.7681590551939,24,3,0.5255695245297287,0.5160465632903759,0.5350739228385251
EU,0,89720,46797,3.809565848391083,2.5,713.599841136598,5.934804440912775,413.47450170306513,24,0,0.5215893892108783,0.5183198861162682,0.5248570436385506
EU,5,64633,34225,3.84899616810086,2.5,729.8902194252693,6.172029735127596,421.39728632839416,24,5,0.529528259557811,0.525678643296548,0.5333743660066953
KR,3,9356,4888,3.8255191424566855,2.5,689.5784262316031,5.935093447023182,408.31571051507746,24,3,0.5224454895254382,0.512317081825771,0.5325554731045472
KR,4,8461,4458,3.904265192232411,2.5714285714285716,693.9414353629372,5.983256993143185,410.72022960035656,24,4,0.5268880746956625,0.5162398292757918,0.5375119157761928
KR,6,51558,27336,3.890236098719159,2.5555555555555554,698.1367312927333,6.104888711606682,414.4947833005973,24,6+,0.5301989991853835,0.5258889013974222,0.5345045972034175
NA,2,12201,6407,3.895365784512291,2.5,708.7126193138345,6.002714452227082,410.3345969115399,24,2,0.5251208917301861,0.5162536040807143,0.533972365840179
EU,3,75373,39595,3.8615915435717287,2.5,726.3360117348656,6.081282317186317,418.9550754628181,24,3,0.525320738195375,0.5217545953560275,0.5288843001737787
EU,4,70136,37103,3.8469829549323475,2.5,730.0518398190857,6.140774757573964,420.9205316386912,24,4,0.5290150564617315,0.5253194130945678,0.5327075216025903
EU,6,458265,242394,3.8887103692906613,2.5,735.1699855394527,6.250353495426329,426.3340073302565,24,6+,0.5289384962849006,0.5274930491326733,0.5303834582806795
KR,0,13015,6881,4.001313676330165,2.625,673.8938417981981,5.844789587393766,403.72600773167255,24,0,0.5286976565501345,0.5201145540792969,0.5372638234332339
KR,5,7689,4060,3.8328721403573334,2.5,699.003136960591,6.021193537212776,412.17251950393893,24,5,0.5280270516322019,0.5168574883419466,0.5391686240259108
NA,1,14316,7540,3.8922462116990526,2.5,714.4147919248253,5.960358002162599,411.23649445079377,24,1,0.5266834311260129,0.5184985982260236,0.53485394776389
