source,depth_bucket_num,n,wins,mean_kda,median_kda,mean_damage_per_min,mean_cs_per_min,mean_gold_per_min,history_scope,threshold_minutes,session_depth,win_rate,win_rate_ci_low,win_rate_ci_high
EU,5,46354,24762,3.8423773166361084,2.5,741.9299086653245,6.22854099792427,426.70335339640195,ranked_420_plus_440,30,5,0.5341933813694612,0.5296496822841571,0.5387314135616427
NA,2,25297,13235,3.9351190960283287,2.5,706.8898954139461,6.011330538008453,411.82798818472577,ranked_420_plus_440,30,2,0.5231845673400007,0.5170266815745419,0.5293354128209806
KR,3,13913,7330,3.8680298308131453,2.5555555555555554,695.111323915686,6.034990892110778,412.02436015502724,ranked_420_plus_440,30,3,0.5268453963918637,0.5185428971916957,0.5351330753492245
KR,4,8988,4858,3.8635232277343343,2.5714285714285716,698.9738272486741,6.039208749862129,413.38528493712346,ranked_420_plus_440,30,4,0.5404984423676013,0.5301804796430997,0.5507818019244713
KR,6,4148,2202,3.7413069568925974,2.5,701.1034571449843,6.04734357729603,413.5856986569179,ranked_420_plus_440,30,6,0.5308582449373191,0.5156497622856718,0.5460096248896552
EU,3,113374,59949,3.83872620437871,2.5,733.100135016937,6.182307559900284,423.3638691311562,ranked_420_plus_440,30,3,0.5287720288602326,0.5258654676307939,0.5316766403865787
EU,4,70653,37355,3.836440117509978,2.5,736.9154672250183,6.211033677140118,425.244992321594,ranked_420_plus_440,30,4,0.5287107412282565,0.5250285359107906,0.5323898246645892
EU,6,31266,16668,3.8472829210043313,2.5,741.3132601853242,6.232493005253538,427.186536429678,ranked_420_plus_440,30,6,0.5331030512377662,0.5275692858395755,0.5386286833035039
NA,7,2684,1413,3.9304395915114663,2.5,708.1581247591048,6.133806527241316,416.6762473589319,ranked_420_plus_440,30,7,0.5264530551415797,0.507539313066004,0.5452911838868568
NA,1,50322,26274,3.9256699776365966,2.5,705.4577014711158,6.053817589528014,411.58540727433575,ranked_420_plus_440,30,1,0.5221175628949565,0.5177517485624716,0.5264800006835182
NA,8,7719,4065,3.811888504701779,2.5,702.2642236911904,6.13741919900939,415.3742787428726,ranked_420_plus_440,30,8+,0.5266226195102993,0.5154737841514941,0.5377449698772544
KR,5,6062,3252,3.835960600277732,2.5,701.1339156358065,6.050779611466471,413.3753592148898,ranked_420_plus_440,30,5,0.5364566149785549,0.5238843343435617,0.5489827201287014
EU,2,195318,103121,3.8814622103653593,2.5,728.4669117323045,6.142908830878966,421.3782674335754,ranked_420_plus_440,30,2,0.5279646525153852,0.5257501801803173,0.5301780248704377
NA,5,5764,3049,3.9590499404848822,2.5714285714285716,705.5732961511246,6.048114251324134,415.20808813738927,ranked_420_plus_440,30,5,0.528972935461485,0.5160716900245919,0.5418355881807093
KR,1,46154,24242,3.945917315651933,2.6,685.4480678800711,5.983579116513163,408.84897454083887,ranked_420_plus_440,30,1,0.5252415825280582,0.5206839269733009,0.5297950366515186
KR,7,2876,1534,3.8747722619504055,2.5,697.5672707782433,6.102415785971377,413.65022904280363,ranked_420_plus_440,30,7,0.5333796940194715,0.5151144643603439,0.5515558724430664
KR,8,7466,4016,3.8947115213530776,2.5555555555555554,700.6202363515649,6.0170547110585595,415.47796966754834,ranked_420_plus_440,30,8+,0.5379051701044736,0.5265796124096708,0.5491917413894977
EU,1,395188,207330,3.883474191656736,2.5,722.7281875988069,6.102372943002685,419.14438395481176,ranked_420_plus_440,30,1,0.5246363755984493,0.5230791444709383,0.5261931277706154
EU,7,21612,11480,3.8470746815198487,2.5,744.3335578967902,6.255365438675627,427.95176766561957,ranked_420_plus_440,30,7,0.5311863779381825,0.5245283224620468,0.5378333488412891
EU,8,54594,28974,3.801125625075566,2.5,739.7932871427001,6.22003241699072,427.9478023190607,ranked_420_plus_440,30,8+,0.5307176612814595,0.5265294030125368,0.5349015970120646
NA,3,14435,7688,3.9748616682916458,2.5714285714285716,716.3835441609323,6.055049472705124,414.5659873002316,ranked_420_plus_440,30,3,0.5325943886387253,0.5244475345190704,0.5407238992613832
NA,4,8822,4626,3.9059564525871995,2.5,710.1288154518573,6.055876284401094,414.3775403594249,ranked_420_plus_440,30,4,0.5243708909544321,0.5139413382467724,0.5347792287389683
NA,6,3908,2074,4.095252101947008,2.5714285714285716,720.4514747360552,6.1490636725262755,419.69587727662037,ranked_420_plus_440,30,6,0.5307062436028659,0.5150371336665257,0.5463150459978191
KR,2,23506,12374,3.909742566457632,2.5,688.1974188584284,5.996306527860701,409.79230890405324,ranked_420_plus_440,30,2,0.5264187866927593,0.5200320369399268,0.5327969028968415
EU,5,51531,27539,3.8541980899138504,2.5,741.3798611225675,6.230723130286794,426.47024129126294,ranked_420_plus_440,45,5,0.5344161766703538,0.53010699242411,0.5387202300838754
KR,3,14221,7479,3.874519081024468,2.5454545454545454,695.2625059643341,6.025051067813952,411.8077967995955,ranked_420_plus_440,45,3,0.5259123830954222,0.5176997817295016,0.534110989036101
KR,4,9530,5144,3.851992053838389,2.5714285714285716,697.1941863877457,6.028689666804063,412.86560330503494,ranked_420_plus_440,45,4,0.539769150052466,0.5297483681473532,0.5497578836897488
KR,6,4634,2451,3.732137796931738,2.5,699.4874858639376,6.058063305465207,413.5146412453765,ranked_420_plus_440,45,6,0.5289167026327147,0.5145268380911546,0.5432586645784746
NA,2,24760,12974,3.923021857323198,2.5,708.0243522872704,6.016459944745086,411.7855524595651,ranked_420_plus_440,45,2,0.5239903069466882,0.5177663233616057,0.5302068476012074
EU,3,116273,61433,3.841190344247975,2.5,732.1015081840752,6.180218829389755,422.9421729254351,ranked_420_plus_440,45,3,0.528351379942033,0.5254811680687147,0.5312197185161253
EU,4,75592,40006,3.834267924414744,2.5,736.3250745294024,6.20889264564791,424.9991724169799,ranked_420_plus_440,45,4,0.529235897978622,0.5256762521749324,0.5327925724945793
EU,6,35950,19097,3.855470930414259,2.5,739.4920606655556,6.228057234846132,426.76617490885735,ranked_420_plus_440,45,6,0.5312100139082059,0.5260484835179251,0.5363648750816044
KR,5,6595,3534,3.852039002079253,2.5,698.4431377680284,6.022212529715428,412.47723059463027,ranked_420_plus_440,45,5,0.5358605003790751,0.5238068705805888,0.5478723784136023
NA,7,3133,1651,3.9033870338025864,2.5,706.4469099776136,6.1453767101268095,416.45471954086105,ranked_420_plus_440,45,7,0.5269709543568465,0.5094660374612263,0.5444098125677184
NA,1,46227,24159,3.9257637711375604,2.5,704.5771552010287,6.044991482551632,411.201987287628,ranked_420_plus_440,45,1,0.5226166526056201,0.5180616702304647,0.5271678764102236
NA,8,9982,5267,3.9023902261178054,2.5,704.2633759691511,6.133931223859061,416.50976903398134,ranked_420_plus_440,45,8+,0.5276497695852534,0.517847368563087,0.5374308973974052
EU,2,191116,100760,3.8814340413903237,2.5,727.9662793580367,6.139395600894866,421.1017556373176,ranked_420_plus_440,45,2,0.5272190711400406,0.5249802114083154,0.5294568366793458
KR,1,42158,22217,3.9566539947735513,2.6,684.6345716564438,5.976339718968898,408.5746405120458,ranked_420_plus_440,45,1,0.5269936904027706,0.5222255546715019,0.5317569072241192
KR,7,3261,1744,3.8813651179505992,2.5,704.7638136542039,6.125189391816999,414.9331510276725,ranked_420_plus_440,45,7,0.5348052744556885,0.5176549717597554,0.5518736723913134
KR,8,9778,5230,3.88669707760336,2.5555555555555554,700.5136838388574,6.066944782719781,416.29641815010865,ranked_420_plus_440,45,8+,0.5348742074043772,0.524976136294346,0.5447448873872444
NA,5,6301,3316,3.9369738002797896,2.5714285714285716,706.7096635601694,6.054232992202153,415.56791354257035,ranked_420_plus_440,45,5,0.5262656721155372,0.5139248278988586,0.5385745096597281
EU,1,358625,188213,3.8851402589157735,2.5,722.3053553501345,6.0956124660150435,418.82094820050946,ranked_420_plus_440,45,1,0.5248184036249565,0.5231837322479089,0.5264525433165148
EU,7,25671,13626,3.854911876295392,2.5,741.8650833250942,6.246307045486851,427.42721238221935,ranked_420_plus_440,45,7,0.5307935023956994,0.5246845491502514,0.5368932410197769
EU,8,73601,38965,3.809681058230972,2.5,738.3083445731683,6.207289332767519,427.4612307785438,ranked_420_plus_440,45,8+,0.529408567818372,0.5258011433404655,0.5330129226122737
KR,2,22936,12009,3.9058248753256306,2.5,687.6506927228387,5.991717580843484,409.30728094682183,ranked_420_plus_440,45,2,0.5235873735612138,0.5171203488998571,0.5300464984361323
NA,3,14756,7803,3.94219612106065,2.5555555555555554,715.7738354196076,6.049075596073865,413.8544253742802,ranked_420_plus_440,45,3,0.5288018433179723,0.5207413842138238,0.5368473102427842
NA,4,9383,4902,3.9211337008751515,2.5,709.7878090915638,6.063821950056739,414.5508464830664,ranked_420_plus_440,45,4,0.5224341894916338,0.512320366400109,0.5325296507059529
NA,6,4409,2352,4.119763087591425,2.6,719.5759077250426,6.140100891526804,418.6705763162647,ranked_420_plus_440,45,6,0.5334542980267635,0.5187059321360652,0.5481444187666018
EU,5,54923,29358,3.8603811915315744,2.5,741.2064550404264,6.233806488680641,426.3667759060414,ranked_420_plus_440,60,5,0.5345301604063871,0.530356288828527,0.5386992020619087
NA,2,24299,12727,3.924452148362764,2.5,708.6903915165336,6.017349005235025,411.8249006799427,ranked_420_plus_440,60,2,0.523766410140335,0.5174835379196541,0.5300417690267398
KR,3,14385,7585,3.8687546147611704,2.5714285714285716,694.4137599249227,6.01691302389179,411.3693488230277,ranked_420_plus_440,60,3,0.5272853667014251,0.5191205699723701,0.5354355944169996
KR,4,9811,5293,3.8846342808956775,2.5714285714285716,699.3054694400066,6.033102658959152,412.92090515331375,ranked_420_plus_440,60,4,0.5394964835388849,0.529620097417675,0.5493419523771792
KR,6,4916,2590,3.752258215471222,2.5,699.5201024879615,6.055969775145353,413.49491321070434,ranked_420_plus_440,60,6,0.5268510984540277,0.5128787938999833,0.5407814718239619
EU,2,186530,98114,3.8755715055834186,2.5,727.2577213944578,6.1364359629978535,420.78068222270826,ranked_420_plus_440,60,2,0.5259958183670187,0.5237293267727792,0.5282612392508179
NA,5,6693,3501,3.9338733382706907,2.5,706.2400492208352,6.0761458265510875,415.6782436707136,ranked_420_plus_440,60,5,0.5230838189152847,0.5111081306999525,0.5350330243356058
KR,1,39544,20836,3.961909677507084,2.6,684.9729538726513,5.976746305583461,408.55298510530963,ranked_420_plus_440,60,1,0.5269067367995145,0.5219834217621433,0.5318248246933754
KR,7,3554,1910,3.8802138735890157,2.5,698.7901156522538,6.088071521002708,414.4408065876524,ranked_420_plus_440,60,7,0.5374226223972988,0.5209987317797454,0.5537657013965912
KR,8,11485,6155,3.8898702841634174,2.5714285714285716,700.0308606981841,6.0671412865361,416.0952322266417,ranked_420_plus_440,60,8+,0.5359164127122333,0.5267851984555058,0.5450236086341417
EU,3,117310,61979,3.8413659275986203,2.5,731.552473052751,6.1799897707158085,422.78153085581033,ranked_420_plus_440,60,3,0.5283351802915353,0.5254776816474467,0.5311908232564146
EU,4,78595,41561,3.8302062053180417,2.5,736.5133991139965,6.206556168366922,424.79954870685833,ranked_420_plus_440,60,4,0.5287995419555951,0.5253084316058498,0.5322878371937578
EU,6,39271,20854,3.85247732323869,2.5,739.9242662163653,6.2312173867889245,426.60498076503984,ranked_420_plus_440,60,6,0.5310279850271192,0.5260895415036393,0.535960358877376
NA,7,3438,1821,3.973398798661864,2.5714285714285716,706.7899254957181,6.135103316140657,416.7383159314375,ranked_420_plus_440,60,7,0.5296684118673648,0.5129606142217997,0.5463099833466014
NA,1,43497,22754,3.923358755824579,2.5,704.251014868295,6.040521648565016,411.06062403381327,ranked_420_plus_440,60,1,0.523116536772651,0.5184209107084811,0.5278080801008963
NA,8,11579,6096,3.8798299151415736,2.5,704.3375707297622,6.121283868287977,415.8360062134123,ranked_420_plus_440,60,8+,0.5264703342257535,0.5173686789617703,0.5355544316738484
KR,5,6887,3667,3.85799315543986,2.5,695.429173588167,5.99819376141076,411.7497467566567,ranked_420_plus_440,60,5,0.5324524466385945,0.5206537994375848,0.5442149111068746
EU,1,333986,175367,3.8897942542690442,2.5,721.9984530348752,6.0914353220585555,418.61763258473843,ranked_420_plus_440,60,1,0.5250729072476091,0.5233790426494402,0.5267661950824831
EU,7,28652,15165,3.846541214056369,2.5,741.0148663378471,6.25418007638307,427.235607895763,ranked_420_plus_440,60,7,0.5292824235655451,0.5234993270181468,0.5350576692023737
EU,8,89092,47241,3.826511887545783,2.5,736.5898864911601,6.188591451988177,426.963205712547,ranked_420_plus_440,60,8+,0.5302496295963723,0.5269711991909468,0.5335254515140272
NA,3,14912,7876,3.941443890627437,2.5454545454545454,714.4264115030002,6.0509679443855875,413.7522488641756,ranked_420_plus_440,60,3,0.5281652360515021,0.5201466589098953,0.5361693057186543
NA,4,9753,5108,3.9359786803379926,2.5,710.8918475023337,6.061241621949901,414.3703701226769,ranked_420_plus_440,60,4,0.523736286270891,0.5138169388959438,0.5336369427679243
NA,6,4780,2541,4.107888046932008,2.6,719.5501256121562,6.134358094675506,418.38185618223815,ranked_420_plus_440,60,6,0.5315899581589958,0.5174241850576685,0.5457049973367766
KR,2,22531,11772,3.8898557143902854,2.5,686.7724433064849,5.996682885580094,409.16402909269965,ranked_420_plus_440,60,2,0.5224801384758777,0.5159547458743856,0.5289978668098936
NA,2,23526,12320,3.92006596840114,2.5,709.0744476141671,6.024947710819433,412.04841294366787,ranked_420_plus_440,90,2,0.5236759330102865,0.5172905902275248,0.5300535451738803
EU,5,59020,31546,3.8554174981299676,2.5,740.0508855910667,6.223985194367426,425.9188993023853,ranked_420_plus_440,90,5,0.5344967807522873,0.5304704397647364,0.5385186314200139
KR,3,14467,7616,3.8634078248177075,2.5454545454545454,692.9227171487196,6.0005305731997955,410.7290749332952,ranked_420_plus_440,90,3,0.5264394829612221,0.5182973561515603,0.5345675724137164
KR,4,10133,5431,3.9001567227927194,2.5555555555555554,698.0947376241143,6.022123963269447,412.42529614325326,ranked_420_plus_440,90,4,0.5359715780124347,0.5262497093675435,0.5456661830691142
KR,6,5281,2780,3.759595575957089,2.5,699.3544964497526,6.057167935181292,413.3215889551094,ranked_420_plus_440,90,6,0.5264154516190116,0.5129346833673283,0.5398578180111822
NA,5,7168,3721,3.9423061268110664,2.5,704.1099941984024,6.070430994680989,414.8930758353239,ranked_420_plus_440,90,5,0.5191127232142857,0.5075390897905299,0.5306658819134953
EU,2,179433,94347,3.870378304205602,2.5,726.7069812454749,6.135794186686927,420.4995782750896,ranked_420_plus_440,90,2,0.5258062898129107,0.5234953591388135,0.5281161155433539
KR,1,36258,19154,3.9739334744602175,2.6,683.0478030077472,5.960570266002316,408.1361440615505,ranked_420_plus_440,90,1,0.5282696232555574,0.5231285825824423,0.5334046743490348
KR,7,3925,2090,3.8739348226176906,2.5,698.801815612163,6.082171994303254,414.1862524664621,ranked_420_plus_440,90,7,0.532484076433121,0.5168507465970031,0.5480538830941482
KR,8,13899,7411,3.871767119956635,2.5555555555555554,702.4652052707828,6.1019226041654955,416.2380836831098,ranked_420_plus_440,90,8+,0.5332038276134974,0.5249017452146626,0.5414875610817421
NA,1,40121,20971,3.9194033251067415,2.5,704.7397593110825,6.0344236440158046,410.94864406453644,ranked_420_plus_440,90,1,0.5226938511004212,0.5178044383006556,0.5275789185873424
NA,7,3846,2017,3.89271600182402,2.5,703.0088646745183,6.101305871440718,414.745622377408,ranked_420_plus_440,90,7,0.5244409776391056,0.5086412868868289,0.540191892871589
NA,8,13952,7362,3.94104384548365,2.5,703.8599712327182,6.110090500335342,415.78829538104696,ranked_420_plus_440,90,8+,0.5276662844036697,0.5193759218159916,0.535941416251937
EU,3,117550,62113,3.8480130291497345,2.5,730.9687840206736,6.174325623011274,422.54997025438024,ranked_420_plus_440,90,3,0.5283964270523182,0.5255418656980465,0.5312491325130891
EU,4,81641,43202,3.844444023889569,2.5,735.5170853393699,6.195955315967452,424.39050914635135,ranked_420_plus_440,90,4,0.5291703923273845,0.5257451803042372,0.5325928593672871
EU,6,43521,23130,3.854151850814224,2.5,738.4481125055079,6.213193908308714,425.99732915805964,ranked_420_plus_440,90,6,0.5314675673812642,0.5267767881614203,0.5361527920092828
KR,5,7264,3884,3.8869380931626876,2.5,697.7103067568213,6.021518271328746,412.53634058460796,ranked_420_plus_440,90,5,0.5346916299559471,0.5232058119775101,0.5461407750188688
NA,3,14979,7904,3.9145369101157237,2.5,715.1214076634781,6.062369977862956,413.64148842895014,ranked_420_plus_440,90,3,0.5276720742372655,0.5196711470043699,0.535658811754017
NA,4,10120,5340,3.9327342926788216,2.5,709.4826273618081,6.044508699539252,413.8890705418698,ranked_420_plus_440,90,4,0.5276679841897233,0.5179327066597544,0.5373822646658862
NA,6,5239,2789,4.123491640812242,2.6,720.0816676140738,6.148694551763807,418.3275233349707,ranked_420_plus_440,90,6,0.5323535025768277,0.5188238730870021,0.545835720887494
EU,1,302831,158913,3.8906522817604765,2.5,721.2322686552197,6.085107864783224,418.2612284712093,ranked_420_plus_440,90,1,0.5247580333585399,0.5229791036174399,0.5265363349885205
EU,7,32691,17257,3.8436079531997205,2.5,740.1296870213603,6.241056404349172,426.8057639866969,ranked_420_plus_440,90,7,0.5278822917622588,0.5224677078644666,0.5332903236371107
EU,8,111672,59131,3.8356378586028117,2.5,737.2331866486238,6.20000566359049,426.89596767515064,ranked_420_plus_440,90,8+,0.5295060534422237,0.5265776457866308,0.5324324311818064
KR,2,21886,11442,3.8815087775522197,2.5,686.7317192997385,5.996392176785448,409.11697496932516,ranked_420_plus_440,90,2,0.5227999634469523,0.5161792100655149,0.5294127144752563
EU,5,46115,24619,3.8426236645161276,2.5,742.1049381361338,6.229889619112827,426.7422091226834,solo420_only,30,5,0.5338609996747262,0.5293053559029958,0.5384110025573204
KR,3,13920,7333,3.8690546352295105,2.5454545454545454,694.9642796573809,6.035305066151928,412.0100533151238,solo420_only,30,3,0.5267959770114943,0.5184955364668427,0.535081632032689
KR,4,8975,4855,3.863811045145799,2.5714285714285716,699.4583240772181,6.043849017349426,413.5612837244853,solo420_only,30,4,0.5409470752089136,0.5306221992478259,0.5512369140209517
KR,6,4126,2192,3.743810601420692,2.5,700.6612900372114,6.043959712239123,413.4704305835475,solo420_only,30,6,0.5312651478429472,0.5160165275292407,0.5464556042880603
NA,2,25325,13256,3.9358319586304185,2.5,706.950153137772,6.01131887569802,411.83678588566414,solo420_only,30,2,0.5234353405725568,0.5172809674188403,0.5295826051582873
EU,2,195491,103221,3.882431792781531,2.5,728.4818997012268,6.143145626663471,421.3953573730138,solo420_only,30,2,0.5280089620494038,0.5257954801458117,0.5302213432050323
KR,1,46245,24289,3.94505910708379,2.6,685.4160592460703,5.98265495218914,408.81579260365476,solo420_only,30,1,0.5252243485782246,0.5206711746533739,0.5297733322015117
KR,7,2859,1524,3.8698390125110445,2.5,698.5656263656273,6.1057302348202205,413.8298540363415,solo420_only,30,7,0.5330535152151101,0.5147336454399224,0.5512846803104164
KR,8,7413,3982,3.8941418996903745,2.5555555555555554,700.3322110010663,6.0160085570859065,415.44747196655163,solo420_only,30,8+,0.5371644408471604,0.525797534876446,0.5484928491177686
NA,5,5719,3023,3.9561567274656992,2.5714285714285716,706.205387608596,6.049362849821503,415.26308154956683,solo420_only,30,5,0.5285889141458296,0.5156366536945007,0.5415027939650163
EU,3,113172,59839,3.83760907017013,2.5,733.0601564890401,6.183032245282693,423.3771706193402,solo420_only,30,3,0.5287438589050295,0.5258346955992168,0.5316510709401663
EU,4,70393,37202,3.8350571032157443,2.5,737.0333683366644,6.211692465582512,425.27613322029845,solo420_only,30,4,0.5284900487264359,0.5248009655999867,0.5321760225273325
EU,6,31066,16558,3.8477012671362885,2.5,741.5674865687176,6.233196555212833,427.2825969082669,solo420_only,30,6,0.5329942702633104,0.5274426429216688,0.5385377388165846
KR,5,6040,3243,3.829186808746486,2.5,701.7505934923116,6.054675806209206,413.4483299110898,solo420_only,30,5,0.5369205298013245,0.5243259109426821,0.5494682153656918
NA,7,2663,1400,3.931018898543085,2.5,708.0150239713583,6.142859155121377,416.8183224888048,solo420_only,30,7,0.5257228689447991,0.5067342614352239,0.5446373713053976
NA,1,50480,26358,3.9253497800033896,2.5,705.2613854709629,6.052012233055263,411.53389002092945,solo420_only,30,1,0.5221473851030111,0.5177884198973355,0.5265029797938685
NA,8,7681,4042,3.805736759391966,2.5,702.5958115748109,6.143947007163925,415.53211745020343,solo420_only,30,8+,0.526233563338107,0.5150568990708687,0.5373840006092977
EU,1,396598,208096,3.8826846685977863,2.5,722.7289761049639,6.101798245894919,419.1267841389686,solo420_only,30,1,0.5247025955753685,0.5231481450134546,0.5262565676019163
EU,7,21441,11390,3.846928162293769,2.5,744.5321337998457,6.256002753564803,427.978292063087,solo420_only,30,7,0.531225222704165,0.524540677837591,0.5378985806932406
EU,8,54083,28714,3.8055606895547225,2.5,739.7612510878482,6.222535625626699,428.06001086495655,solo420_only,30,8+,0.5309246898285968,0.5267167760266677,0.5351282108459107
KR,2,23535,12390,3.9123526855944237,2.5,688.1246479361834,5.995970691180242,409.8155755090058,solo420_only,30,2,0.5264499681325685,0.5200671725071746,0.5328241306683885
NA,3,14426,7689,3.9790130063394766,2.5714285714285716,716.8103108775849,6.055265206513823,414.6601487758026,solo420_only,30,3,0.5329959794814918,0.5248469061009289,0.5411274847277425
NA,4,8784,4605,3.9074082076588295,2.5,709.9432984017471,6.056407213244736,414.34416428115344,solo420_only,30,4,0.5242486338797814,0.5137964620788261,0.5346796059062656
NA,6,3873,2051,4.092765407602409,2.5714285714285716,720.1357876220314,6.152027384614433,419.7555944346362,solo420_only,30,6,0.5295636457526465,0.5138227906015072,0.5452459132473368
EU,5,51247,27369,3.8538901034512527,2.5,741.4489224504186,6.232417412935257,426.50609816165905,solo420_only,45,5,0.5340605303725096,0.5297392314354736,0.5383767233592387
NA,2,24802,13000,3.9218295935738605,2.5,708.0588081629165,6.015522672173168,411.7825586964243,solo420_only,45,2,0.524151278122732,0.5179326405934126,0.5303624354671499
KR,3,14231,7485,3.8758644745654167,2.5454545454545454,695.0174251349891,6.023989852130436,411.77234196411075,solo420_only,45,3,0.52596444381983,0.5177547604685115,0.5341601134791765
KR,4,9519,5142,3.8536575934853667,2.5714285714285716,697.4455131723184,6.032266868378947,413.01847700670265,solo420_only,45,4,0.5401827923101166,0.5301567144462548,0.5501764511648776
KR,6,4612,2440,3.732158391569737,2.5,699.0440798706495,6.0560766743806225,413.4238725633805,solo420_only,45,6,0.5290546400693842,0.5146305826850424,0.5434303369524514
EU,3,116136,61358,3.8408555238147044,2.5,731.9766616172204,6.180579209439547,422.94497339803934,solo420_only,45,3,0.5283288558242061,0.5254569444192979,0.5311988932101434
EU,4,75335,39860,3.832677443546762,2.5,736.3270696779962,6.208333222165413,424.98259186238454,solo420_only,45,4,0.5291033384217163,0.5255375752659805,0.5326661336720815
EU,6,35694,18951,3.856092568888344,2.5,739.6921004630962,6.229720496916226,426.87498393061435,solo420_only,45,6,0.530929567994621,0.5257494003049953,0.5361030789981874
NA,7,3103,1635,3.9040525869133393,2.5,707.0282500881241,6.150917638261417,416.64447175179964,solo420_only,45,7,0.5269094424750241,0.5093200132646845,0.5444323272436691
NA,1,46413,24255,3.925631343168327,2.5,704.2960060438694,6.042868241557462,411.1311701143959,solo420_only,45,1,0.5225906534807059,0.5180448017645936,0.5271327659908598
NA,8,9917,5230,3.8898648030188516,2.5,705.0401371573723,6.143632482201672,416.76533330119247,solo420_only,45,8+,0.5273772310174448,0.5175425455761614,0.5371907149293994
KR,5,6576,3525,3.8435086105159795,2.5,699.0146691333855,6.025800926593127,412.5009350673997,solo420_only,45,5,0.5360401459854015,0.5239693032837434,0.5480689065981337
EU,2,191384,100911,3.882706668304851,2.5,728.062588865863,6.139531515347183,421.13385143476995,solo420_only,45,2,0.5272697822179493,0.5250325023334748,0.529505967406495
NA,5,6254,3287,3.938827996121894,2.5714285714285716,707.420388989098,6.056994882246625,415.64758181947064,solo420_only,45,5,0.5255836264790534,0.5131960070996255,0.5379398361629018
KR,1,42258,22267,3.955728055296639,2.6,684.5907660954413,5.975024953817211,408.5226448108724,solo420_only,45,1,0.5269298121065834,0.5221672967302908,0.5316874318247273
KR,7,3242,1733,3.877948776207646,2.5,706.2879187615296,6.133049590243061,415.25694351528085,solo420_only,45,7,0.5345465761875385,0.5173457187292052,0.5516656617839346
KR,8,9704,5188,3.886960658759054,2.5555555555555554,700.5778327848421,6.068670697071391,416.3782395072132,solo420_only,45,8+,0.5346248969497115,0.524688873339302,0.5445335179461892
EU,1,360226,189077,3.8839424006256786,2.5,722.3329956649253,6.095123233574244,418.8058800600987,solo420_only,45,1,0.5248843781403897,0.5232533539706409,0.5265148715805713
EU,7,25464,13507,3.852143179835656,2.5,742.0504408317963,6.247710253742286,427.4546095593768,solo420_only,45,7,0.5304351240967641,0.524301159942785,0.5365599068463348
EU,8,72873,38606,3.814004511346097,2.5,738.3015474976173,6.209791340565473,427.565649437837,solo420_only,45,8+,0.5297709714160251,0.5261457027926442,0.5333931014851423
NA,3,14751,7809,3.9489006048900315,2.5555555555555554,716.0730493470654,6.04854761460443,413.9392037205541,solo420_only,45,3,0.5293878381126703,0.5213264105466046,0.5374339632886352
NA,4,9344,4881,3.925338003777541,2.5,709.5040827714009,6.064538526804693,414.4971704846629,solo420_only,45,4,0.522367294520548,0.5122323430285824,0.5324838625084265
NA,6,4367,2327,4.123103672852962,2.5833333333333335,718.971421467504,6.141792157915878,418.7006701064529,solo420_only,45,6,0.5328600870162583,0.5180402429977788,0.5476221706825004
KR,2,22971,12028,3.9082871707896434,2.5,687.5524121960602,5.991356127902414,409.3303483482152,solo420_only,45,2,0.5236167341430499,0.5171546533479957,0.5300709173678987
EU,5,54620,29173,3.8585374950921247,2.5,741.2386818879575,6.234904458954623,426.3844654913967,solo420_only,60,5,0.534108385206884,0.5299227329636401,0.5382892400593288
KR,3,14397,7592,3.870579037520366,2.5714285714285716,694.050532027051,6.014543474845033,411.3011894319706,solo420_only,60,3,0.5273320830728624,0.5191707211521686,0.5354788631968037
KR,4,9803,5290,3.8868828544841563,2.5714285714285716,699.4077734669914,6.035727570222974,413.03393047239,solo420_only,60,4,0.5396307252881771,0.5297504635313363,0.5494799393728663
KR,6,4893,2578,3.7516311066546377,2.5,699.0900153978715,6.0547628878405035,413.42276966081937,solo420_only,60,6,0.5268751277334969,0.512870016288622,0.5408380733466381
NA,2,24350,12760,3.922984588500147,2.5,708.6206150449185,6.015475190737274,411.791212169523,solo420_only,60,2,0.5240246406570842,0.5177484687953106,0.5302932334543459
EU,2,186873,98313,3.877018924333623,2.5,727.3370060226559,6.1363436373569105,420.81280677742166,solo420_only,60,2,0.5260952625579939,0.5238308738809394,0.5283585784014564
KR,1,39654,20891,3.9608398235329663,2.6,684.9299967929458,5.975571898450633,408.4985522193177,solo420_only,60,1,0.526832097644626,0.5219155866371122,0.5317434104671462
KR,7,3535,1899,3.8789115499172797,2.5,700.2995050998802,6.09785294361804,414.7277705538068,solo420_only,60,7,0.5371994342291372,0.5207310965200765,0.553587010990635
KR,8,11394,6109,3.8916987464145296,2.5714285714285716,700.3466374816469,6.0698209833579595,416.26982543034023,solo420_only,60,8+,0.5361593821309462,0.5269919809209003,0.5453024094667038
NA,5,6643,3471,3.9362359600138412,2.5,707.1475670046251,6.079541952108345,415.7923165509727,solo420_only,60,5,0.5225048923679061,0.5104838956179644,0.5344998762761602
EU,3,117241,61942,3.8410900588826515,2.5,731.4228832293014,6.179969214956538,422.7749078409567,solo420_only,60,3,0.5283305328340768,0.5254721918468084,0.5311870173545892
EU,4,78330,41418,3.829873504668311,2.5,736.5358436387927,6.206037088800016,424.79992701510713,solo420_only,60,4,0.528762926081961,0.525265900208439,0.5322571309117539
EU,6,39004,20700,3.853157808723932,2.5,740.2833154524544,6.233295899511183,426.75132356041706,solo420_only,60,6,0.5307147984822069,0.5257593106976536,0.5356642367326593
KR,5,6866,3657,3.8491013945012575,2.5,695.7359797618291,6.00067383001367,411.70726908610277,solo420_only,60,5,0.5326245266530731,0.5208080012138231,0.5444045663083547
NA,1,43694,22853,3.9232516047603054,2.5,703.8696072707689,6.037667990721925,410.96349663430277,solo420_only,60,1,0.523023756122122,0.5183386990770184,0.5277047651498369
NA,7,3407,1806,3.9743881891458743,2.5714285714285716,707.6715876584549,6.141472675609491,416.97764217676973,solo420_only,60,7,0.5300851188729088,0.5133017829081067,0.5468006881316582
NA,8,11505,6056,3.8696130432135383,2.5,705.1352735908732,6.129669854307038,416.0703184100726,solo420_only,60,8+,0.5263798348544111,0.5172488798215622,0.5354931795917923
EU,1,335729,176303,3.8883665640320046,2.5,722.0108143404518,6.090810976298935,418.59846415209296,solo420_only,60,1,0.525134855791427,0.5234454044453426,0.5268237319509251
EU,7,28418,15029,3.8421499680013382,2.5,741.2230598275252,6.25598767594263,427.21706834286726,solo420_only,60,7,0.528854951087339,0.5230478491168885,0.5346542530630892
EU,8,88144,46761,3.830629534954367,2.5,736.6395600001156,6.192101077558319,427.0837374894878,solo420_only,60,8+,0.5305068978035942,0.5272109704690363,0.5338001661736279
KR,2,22571,11792,3.8911970053352105,2.5,686.7330347638755,5.996262201193615,409.19187089754524,solo420_only,60,2,0.5224402994993576,0.5159206773907901,0.5289522844790788
NA,3,14910,7881,3.948387842502532,2.5555555555555554,714.831716097104,6.050983158034319,413.8660568821743,solo420_only,60,3,0.5285714285714286,0.5205525790463499,0.5365755594250492
NA,4,9712,5088,3.942324549759826,2.5,710.5330130212643,6.06157144403348,414.32602433180716,solo420_only,60,4,0.5238879736408567,0.5139477829283688,0.533809274652964
NA,6,4730,2509,4.104148305248756,2.6,719.2566562525714,6.143571009214565,418.54200632204135,solo420_only,60,6,0.5304439746300211,0.5162023548649893,0.5446361845126574
EU,5,58709,31366,3.852111656059328,2.5,739.9571429094653,6.224840996427626,425.92763652819633,solo420_only,90,5,0.5342622085199884,0.5302250965443621,0.5382948370858575
KR,3,14479,7621,3.865249450603535,2.5555555555555554,692.5203932601877,5.997868459221864,410.637461185273,solo420_only,90,3,0.5263485047309897,0.5182097005046694,0.5344733314935369
KR,4,10129,5434,3.903397383555401,2.5555555555555554,698.0906262850755,6.025140840395058,412.5796975441357,solo420_only,90,4,0.5364794155395399,0.526756150988341,0.5461750206877632
KR,6,5258,2765,3.7573020788178932,2.5,699.148700023626,6.0561584146260214,413.28084559573176,solo420_only,90,6,0.5258653480410802,0.5123547310299738,0.5393381985515574
NA,2,23590,12359,3.9182624893650004,2.5,708.9520619684067,6.021527999586984,411.9881407389712,solo420_only,90,2,0.5239084357778719,0.5175318679214543,0.530277218274566
EU,2,179916,94632,3.871719517988533,2.5,726.7937601977518,6.135428367714695,420.5312136915626,solo420_only,90,2,0.5259787901020476,0.523671001781809,0.5282854690787965
KR,1,36378,19217,3.9731046596699917,2.6,682.9720922394829,5.958869809168461,408.0643865182106,solo420_only,90,1,0.5282588377590851,0.5231262823634925,0.5333854256083844
KR,7,3908,2081,3.873164665329521,2.5,700.6764219223172,6.092390387055982,414.5138838469862,solo420_only,90,7,0.5324974411463664,0.5168301235263565,0.5481009332850751
KR,8,13790,7357,3.873021863909177,2.5555555555555554,702.7366818923764,6.105539617186739,416.39259308024356,solo420_only,90,8+,0.533502538071066,0.5251679319952038,0.5418184838454054
NA,5,7117,3693,3.9455309830863343,2.5,705.0172249650975,6.074850651880043,415.03288749894654,solo420_only,90,5,0.5188984122523536,0.5072832967718708,0.5304931375941528
EU,3,117522,62091,3.847627235656433,2.5,730.8344176365998,6.17419456258816,422.5296829525382,solo420_only,90,3,0.5283351202328075,0.5254802008329894,0.5311881873047256
EU,4,81373,43052,3.8451138161085066,2.5,735.5443759593721,6.196213022099109,424.4207923178127,solo420_only,90,4,0.5290698388900495,0.5256389535240613,0.5324979797260949
EU,6,43213,22968,3.857388456787357,2.5,738.8887879804306,6.216075425251559,426.17324839110387,solo420_only,90,6,0.5315067225140583,0.5267992676184315,0.5362085762702667
KR,5,7243,3873,3.8775345789311633,2.5,698.1503188862893,6.024902958733104,412.5442791612514,solo420_only,90,5,0.5347231810023471,0.5232207403445321,0.5461888090237321
NA,7,3814,1997,3.8908086861231697,2.5,704.3174496205764,6.107580033492816,415.0203124428033,solo420_only,90,7,0.5235972732039853,0.5077309670140742,0.5394160928996188
NA,1,40345,21084,3.9191779043080714,2.5,704.2464029662143,6.030836973710845,410.8154208646954,solo420_only,90,1,0.5225926384929979,0.5177167874722215,0.5274641875964312
NA,8,13844,7304,3.9324298946044234,2.5,704.5778520446162,6.120078230224183,416.0408106364382,solo420_only,90,8+,0.527593181161514,0.5192704760195926,0.5359005773371276
EU,1,304790,159953,3.889060567960819,2.5,721.2460907200926,6.084293559698314,418.23528234484104,solo420_only,90,1,0.5247974014895502,0.5230242052634256,0.5265699726492613
EU,7,32425,17100,3.8421139129724953,2.5,740.4910353635148,6.243947191524042,426.86175207697636,solo420_only,90,7,0.5273708558211256,0.5219338496284242,0.532801377414884
EU,8,110411,58477,3.8377160919566156,2.5,737.29028290722,6.202873841158634,426.9939028887185,solo420_only,90,8+,0.5296301998895038,0.5266851509148143,0.532573187126999
KR,2,21928,11460,3.8825055416254703,2.5,686.6542288409377,5.995483072350297,409.1288812166807,solo420_only,90,2,0.5226194819408975,0.5160049979097218,0.5292260421679015
NA,3,14981,7912,3.921243153230338,2.5,715.3237279269614,6.061278957103253,413.75090273041303,solo420_only,90,3,0.5281356384754021,0.5201355415867005,0.536121309866591
NA,4,10074,5318,3.941252034495894,2.5,709.5048778638321,6.047323170011499,413.93413103745905,solo420_only,90,4,0.5278935874528489,0.5181362520349511,0.5376296579861979
NA,6,5186,2757,4.1202112518816385,2.6,719.8311792497263,6.156201644961446,418.4164220043329,solo420_only,90,6,0.5316236020053992,0.5180242105427609,0.5451761786410992
