source,hypothesis,specification,parameter_setting,term,estimate,estimate_percentage_points,std_error,ci_low,ci_high,ci_low_percentage_points,ci_high_percentage_points,z_value,p_value_two_sided,is_behavior_term,reference_category,sample_variant,p_value_holm,significant_raw_0_05,significant_holm_0_05
NA,H1_session_depth,adjusted,30m_session_boundary,session_depth_2,-0.005905472625055861,-0.5905472625055861,0.006616317218925925,-0.01887321608444289,0.007062270834331164,-1.8873216084442888,0.7062270834331164,-0.8925618935203563,0.37209183361984255,True,session depth 1,authoritative_ge10m,1.0,False,False
NA,H1_session_depth,adjusted,30m_session_boundary,session_depth_3,0.0033589163979510376,0.3358916397951038,0.0070411624937799875,-0.010441508499151972,0.017159341295054045,-1.0441508499151972,1.7159341295054045,0.47704003435771186,0.6333336139838419,True,session depth 1,authoritative_ge10m,1.0,False,False
NA,H1_session_depth,adjusted,30m_session_boundary,session_depth_4,-0.004040040353468319,-0.4040040353468319,0.007771921257453721,-0.01927272610875886,0.011192645401822222,-1.927272610875886,1.1192645401822223,-0.5198251783101491,0.603185428731881,True,session depth 1,authoritative_ge10m,1.0,False,False
NA,H1_session_depth,adjusted,30m_session_boundary,session_depth_5,0.0003124750277430724,0.031247502774307243,0.009179349784589806,-0.017678719951548454,0.018303670007034596,-1.7678719951548454,1.8303670007034596,0.03404108516135338,0.972844388451356,True,session depth 1,authoritative_ge10m,1.0,False,False
NA,H1_session_depth,adjusted,30m_session_boundary,session_depth_6,0.0038443749906419554,0.38443749906419555,0.009978883466371949,-0.015713877209369276,0.023402627190653186,-1.5713877209369276,2.3402627190653185,0.38525101566695275,0.7000514496587293,True,session depth 1,authoritative_ge10m,1.0,False,False
NA,H1_session_depth,adjusted,30m_session_boundary,session_depth_7,0.00033586003939841536,0.033586003939841534,0.011393535306225173,-0.02199505881738846,0.02266677889618529,-2.199505881738846,2.266677889618529,0.029478123371848325,0.9764832663786656,True,session depth 1,authoritative_ge10m,1.0,False,False
NA,H1_session_depth,adjusted,30m_session_boundary,session_depth_8+,0.00448404934307773,0.44840493430777295,0.00845194273154868,-0.01208145401015277,0.02104955269630823,-1.208145401015277,2.104955269630823,0.5305347522457835,0.5957412206579438,True,session depth 1,authoritative_ge10m,1.0,False,False
NA,H2_post_loss_requeue,adjusted,categorical_requeue_gap,post_loss_gap_5-10m,-0.002744273613957239,-0.2744273613957239,0.006909074948389562,-0.016285811679288713,0.010797264451374234,-1.6285811679288713,1.0797264451374233,-0.3971984143256258,0.6912211514121038,True,<=5m,authoritative_ge10m,1.0,False,False
NA,H2_post_loss_requeue,adjusted,categorical_requeue_gap,post_loss_gap_10-20m,-0.01590823937417318,-1.5908239374173179,0.008384048141012186,-0.03234067177520705,0.0005241930268606969,-3.2340671775207053,0.05241930268606969,-1.8974413203038474,0.05776971648963493,True,<=5m,authoritative_ge10m,0.4315666020773234,False,False
NA,H2_post_loss_requeue,adjusted,categorical_requeue_gap,post_loss_gap_20-30m,-0.009903578540774744,-0.9903578540774745,0.014006096308593195,-0.03735502286961681,0.01754786578806732,-3.735502286961681,1.7547865788067318,-0.7070905641780127,0.47951019938227407,True,<=5m,authoritative_ge10m,1.0,False,False
NA,H2_post_loss_requeue,adjusted,categorical_requeue_gap,post_loss_gap_30-60m,-0.023789140789033013,-2.378914078903301,0.012343431090197674,-0.04798182117147243,0.00040353959340640524,-4.798182117147243,0.040353959340640524,-1.9272713247392579,0.053945825259665424,True,<=5m,authoritative_ge10m,0.4315666020773234,False,False
NA,H2_post_loss_requeue,adjusted,categorical_requeue_gap,post_loss_gap_1-2h,0.002355946427516059,0.23559464275160588,0.012873778558316083,-0.022876195891727444,0.02758808874675956,-2.287619589172744,2.7588088746759563,0.18300349169779578,0.8547952789078052,True,<=5m,authoritative_ge10m,1.0,False,False
NA,H2_post_loss_requeue,adjusted,categorical_requeue_gap,post_loss_gap_2-6h,0.005475648312335888,0.5475648312335888,0.011746263815781356,-0.017546605719501597,0.028497902344173376,-1.7546605719501598,2.8497902344173376,0.4661608489483471,0.641100370904464,True,<=5m,authoritative_ge10m,1.0,False,False
NA,H2_post_loss_requeue,adjusted,categorical_requeue_gap,post_loss_gap_6-24h,0.009423418051448782,0.9423418051448782,0.009802840927127554,-0.009789797111896457,0.02863663321479402,-0.9789797111896457,2.863663321479402,0.9612946003613311,0.3364040621212883,True,<=5m,authoritative_ge10m,1.0,False,False
NA,H2_post_loss_requeue,adjusted,categorical_requeue_gap,post_loss_gap_>24h,-0.01659358819515163,-1.659358819515163,0.009884103322478953,-0.03596607472668306,0.0027788983363798044,-3.596607472668306,0.2778898336379804,-1.6788157361137261,0.09318796079564591,True,<=5m,authoritative_ge10m,0.5591277647738755,False,False
NA,H3_recent_volume,adjusted,6h_window,recent_games_1,-0.015106098955852111,-1.5106098955852112,0.008249083384192014,-0.03127400529433624,0.0010618073826320212,-3.1274005294336242,0.10618073826320212,-1.8312457581408885,0.0670638697022898,True,0 recent ranked games,authoritative_ge10m,0.3839671466439156,False,False
NA,H3_recent_volume,adjusted,6h_window,recent_games_2,-0.015920393000679624,-1.5920393000679625,0.0085953127355958,-0.032766896398305836,0.000926110396946591,-3.276689639830584,0.0926110396946591,-1.8522180042092526,0.06399452444065261,True,0 recent ranked games,authoritative_ge10m,0.3839671466439156,False,False
NA,H3_recent_volume,adjusted,6h_window,recent_games_3,-0.010790637296809081,-1.079063729680908,0.00883393398001673,-0.028104829739446446,0.0065235551458282855,-2.8104829739446444,0.6523555145828286,-1.2214985216347118,0.22189732501635273,True,0 recent ranked games,authoritative_ge10m,0.6781836045533138,False,False
NA,H3_recent_volume,adjusted,6h_window,recent_games_4,-0.012272526223990502,-1.2272526223990503,0.00902462338186326,-0.029960463026480557,0.005415410578499553,-2.9960463026480557,0.5415410578499553,-1.359893449809167,0.1738636441004324,True,0 recent ranked games,authoritative_ge10m,0.6781836045533138,False,False
NA,H3_recent_volume,adjusted,6h_window,recent_games_5,-0.013643047627195396,-1.3643047627195397,0.009931863898026076,-0.0331091431666801,0.005823047912289306,-3.31091431666801,0.5823047912289306,-1.3736643763218408,0.16954590113832846,True,0 recent ranked games,authoritative_ge10m,0.6781836045533138,False,False
NA,H3_recent_volume,adjusted,6h_window,recent_games_6+,-0.008922375908282385,-0.8922375908282385,0.00945689224696849,-0.027457544118016694,0.009612792301451923,-2.7457544118016695,0.9612792301451922,-0.9434786476648869,0.3454361318940626,True,0 recent ranked games,authoritative_ge10m,0.6781836045533138,False,False
NA,H1_session_depth,adjusted,30m_session_boundary,session_depth_2,0.01466820598798637,1.466820598798637,0.018690597566245488,-0.021964692091386774,0.051301104067359514,-2.1964692091386775,5.130110406735952,0.7847906379663642,0.4325763300753731,True,session depth 1,alias_confirmed_ge10m,1.0,False,False
NA,H1_session_depth,adjusted,30m_session_boundary,session_depth_3,0.019916997219480793,1.9916997219480794,0.01931716348479036,-0.017943947494180552,0.05777794193314214,-1.7943947494180552,5.777794193314214,1.0310518537135498,0.3025165039597594,True,session depth 1,alias_confirmed_ge10m,1.0,False,False
NA,H1_session_depth,adjusted,30m_session_boundary,session_depth_4,0.01697513894290446,1.697513894290446,0.021103212180218708,-0.024386396888431198,0.05833667477424012,-2.4386396888431197,5.8336674774240125,0.8043864980335205,0.42117379647968667,True,session depth 1,alias_confirmed_ge10m,1.0,False,False
NA,H1_session_depth,adjusted,30m_session_boundary,session_depth_5,0.0157279199012968,1.57279199012968,0.026623928145642746,-0.036454020391145245,0.06790986019373885,-3.6454020391145243,6.790986019373885,0.5907437781254237,0.5546921104573571,True,session depth 1,alias_confirmed_ge10m,1.0,False,False
NA,H1_session_depth,adjusted,30m_session_boundary,session_depth_6,0.02230293389214358,2.230293389214358,0.029237778328677883,-0.035002058620030765,0.07960792640431792,-3.5002058620030767,7.960792640431793,0.7628121959686569,0.4455754066073023,True,session depth 1,alias_confirmed_ge10m,1.0,False,False
NA,H1_session_depth,adjusted,30m_session_boundary,session_depth_7,0.019715782512863354,1.9715782512863353,0.03784927812196756,-0.05446743944703289,0.09389900447275959,-5.446743944703289,9.38990044727596,0.5209024713583744,0.602434713725738,True,session depth 1,alias_confirmed_ge10m,1.0,False,False
NA,H1_session_depth,adjusted,30m_session_boundary,session_depth_8+,0.023780944375005046,2.3780944375005046,0.031250071581274956,-0.03746807043859252,0.08502995918860262,-3.7468070438592522,8.502995918860263,0.7609884768793486,0.4466639499282246,True,session depth 1,alias_confirmed_ge10m,1.0,False,False
NA,H2_post_loss_requeue,adjusted,categorical_requeue_gap,post_loss_gap_5-10m,0.01795165028143493,1.795165028143493,0.01752253332162808,-0.016391883946859115,0.052295184509728976,-1.6391883946859114,5.229518450972898,1.0244894360838332,0.30560415794761225,True,<=5m,alias_confirmed_ge10m,1.0,False,False
NA,H2_post_loss_requeue,adjusted,categorical_requeue_gap,post_loss_gap_10-20m,-0.01975488425279042,-1.9754884252790421,0.028035980354739004,-0.07470439601935136,0.03519462751377052,-7.470439601935136,3.519462751377052,-0.7046261269565769,0.48104293479732135,True,<=5m,alias_confirmed_ge10m,1.0,False,False
NA,H2_post_loss_requeue,adjusted,categorical_requeue_gap,post_loss_gap_20-30m,0.01694574500482393,1.694574500482393,0.03840881579248502,-0.058334150637279966,0.09222564064692783,-5.833415063727997,9.222564064692783,0.44119415439357274,0.6590724447837351,True,<=5m,alias_confirmed_ge10m,1.0,False,False
NA,H2_post_loss_requeue,adjusted,categorical_requeue_gap,post_loss_gap_30-60m,-0.022126004347038944,-2.2126004347038943,0.03767252304768754,-0.09596279272726163,0.05171078403318374,-9.596279272726163,5.171078403318374,-0.5873247278668029,0.5569856366698442,True,<=5m,alias_confirmed_ge10m,1.0,False,False
NA,H2_post_loss_requeue,adjusted,categorical_requeue_gap,post_loss_gap_1-2h,-0.0024310056676700594,-0.24310056676700595,0.03680113163337983,-0.07455989825941221,0.0696978869240721,-7.455989825941221,6.96978869240721,-0.0660579052809631,0.9473317243324677,True,<=5m,alias_confirmed_ge10m,1.0,False,False
NA,H2_post_loss_requeue,adjusted,categorical_requeue_gap,post_loss_gap_2-6h,-0.05156984239213502,-5.156984239213502,0.030416169837332883,-0.11118443982096099,0.00804475503669095,-11.1184439820961,0.8044755036690949,-1.695474567242785,0.0899854308982452,True,<=5m,alias_confirmed_ge10m,0.7198834471859616,False,False
NA,H2_post_loss_requeue,adjusted,categorical_requeue_gap,post_loss_gap_6-24h,0.03044425015865191,3.044425015865191,0.021971299682011874,-0.012618705911627705,0.07350720622893153,-1.2618705911627706,7.350720622893153,1.3856371994041357,0.16585771331219148,True,<=5m,alias_confirmed_ge10m,1.0,False,False
NA,H2_post_loss_requeue,adjusted,categorical_requeue_gap,post_loss_gap_>24h,0.02217342261323815,2.217342261323815,0.022255175037146618,-0.02144591892920408,0.06579276415568037,-2.144591892920408,6.579276415568038,0.99632658814087,0.3190914892555794,True,<=5m,alias_confirmed_ge10m,1.0,False,False
NA,H3_recent_volume,adjusted,6h_window,recent_games_1,-0.029045827780215347,-2.9045827780215348,0.02140327646119998,-0.0709954787953212,0.012903823234890512,-7.099547879532119,1.2903823234890512,-1.3570738962733038,0.17475773175075845,True,0 recent ranked games,alias_confirmed_ge10m,0.912726022510163,False,False
NA,H3_recent_volume,adjusted,6h_window,recent_games_2,-0.0309379170279794,-3.09379170279794,0.021603487782184513,-0.07327997502151212,0.011404140965553332,-7.327997502151212,1.140414096555333,-1.4320797336017472,0.15212100375169382,True,0 recent ranked games,alias_confirmed_ge10m,0.912726022510163,False,False
NA,H3_recent_volume,adjusted,6h_window,recent_games_3,-0.01631568007862326,-1.631568007862326,0.022331010396353514,-0.060083656193865666,0.027452296036619146,-6.008365619386566,2.745229603661915,-0.7306288335832528,0.46500589527881536,True,0 recent ranked games,alias_confirmed_ge10m,1.0,False,False
NA,H3_recent_volume,adjusted,6h_window,recent_games_4,-0.03386334718103952,-3.386334718103952,0.025405963363354364,-0.08365812036575818,0.015931426003679132,-8.365812036575818,1.5931426003679132,-1.3328897116290466,0.1825679993494341,True,0 recent ranked games,alias_confirmed_ge10m,0.912726022510163,False,False
NA,H3_recent_volume,adjusted,6h_window,recent_games_5,0.002470080450514834,0.2470080450514834,0.02771322113995237,-0.05184683487938587,0.05678699578041554,-5.184683487938587,5.678699578041554,0.08913003789927104,0.9289785655972265,True,0 recent ranked games,alias_confirmed_ge10m,1.0,False,False
NA,H3_recent_volume,adjusted,6h_window,recent_games_6+,-6.554523902823412e-05,-0.006554523902823412,0.026912337740517867,-0.052812757950221306,0.052681667472164836,-5.281275795022131,5.268166747216483,-0.0024355089349801257,0.9980567469442156,True,0 recent ranked games,alias_confirmed_ge10m,1.0,False,False
NA,H1_session_depth,adjusted,30m_session_boundary,session_depth_2,-0.005332235424182343,-0.5332235424182343,0.006611369875172023,-0.01829028226799258,0.007625811419627895,-1.8290282267992581,0.7625811419627895,-0.8065250507624341,0.4199401697600113,True,session depth 1,authoritative_ge5m,1.0,False,False
NA,H1_session_depth,adjusted,30m_session_boundary,session_depth_3,0.00428108182580148,0.428108182580148,0.007026290798916723,-0.00949019508498046,0.01805235873658342,-0.949019508498046,1.805235873658342,0.6092947115797591,0.5423291118003717,True,session depth 1,authoritative_ge5m,1.0,False,False
NA,H1_session_depth,adjusted,30m_session_boundary,session_depth_4,-0.0034000938174450013,-0.3400093817445001,0.007765535866703016,-0.018620264436836946,0.011820076801946945,-1.8620264436836946,1.1820076801946946,-0.4378440684336915,0.6614993230092561,True,session depth 1,authoritative_ge5m,1.0,False,False
NA,H1_session_depth,adjusted,30m_session_boundary,session_depth_5,0.0009267712518128968,0.09267712518128968,0.009176579462111898,-0.017058993995196364,0.018912536498822158,-1.7058993995196365,1.891253649882216,0.10099310485342973,0.9195559337210071,True,session depth 1,authoritative_ge5m,1.0,False,False
NA,H1_session_depth,adjusted,30m_session_boundary,session_depth_6,0.004102774939445489,0.41027749394454893,0.00993337224136688,-0.01536627689866351,0.02357182677755449,-1.536627689866351,2.357182677755449,0.413029416370782,0.6795850617203295,True,session depth 1,authoritative_ge5m,1.0,False,False
NA,H1_session_depth,adjusted,30m_session_boundary,session_depth_7,0.0004375181273086276,0.04375181273086276,0.011372766293195015,-0.021852694211944693,0.022727730466561947,-2.1852694211944694,2.272773046656195,0.03847068655322848,0.9693124029175161,True,session depth 1,authoritative_ge5m,1.0,False,False
NA,H1_session_depth,adjusted,30m_session_boundary,session_depth_8+,0.004422056595383822,0.4422056595383822,0.00842451010491623,-0.01208967979764574,0.020933792988413386,-1.208967979764574,2.0933792988413384,0.5249037083833842,0.5996501313381511,True,session depth 1,authoritative_ge5m,1.0,False,False
NA,H2_post_loss_requeue,adjusted,categorical_requeue_gap,post_loss_gap_5-10m,-0.002725253113822614,-0.2725253113822614,0.0069273512302114515,-0.016302612033296297,0.010852105805651067,-1.6302612033296298,1.0852105805651067,-0.39340478391470673,0.6940205368788921,True,<=5m,authoritative_ge5m,1.0,False,False
NA,H2_post_loss_requeue,adjusted,categorical_requeue_gap,post_loss_gap_10-20m,-0.015858124361327643,-1.5858124361327643,0.00838916572909004,-0.032300587050681825,0.0005843383280265402,-3.2300587050681826,0.05843383280265402,-1.8903100586436679,0.05871650431010655,True,<=5m,authoritative_ge5m,0.4110155301707458,False,False
NA,H2_post_loss_requeue,adjusted,categorical_requeue_gap,post_loss_gap_20-30m,-0.010538582118412626,-1.0538582118412627,0.013990138709801316,-0.037958750128342864,0.016881585891517614,-3.795875012834286,1.6881585891517614,-0.7532864639168608,0.4512777911017262,True,<=5m,authoritative_ge5m,1.0,False,False
NA,H2_post_loss_requeue,adjusted,categorical_requeue_gap,post_loss_gap_30-60m,-0.02406271630254721,-2.406271630254721,0.012335409884260993,-0.04823967541023815,0.00011424280514372998,-4.823967541023815,0.011424280514372998,-1.9507026137209542,0.0510924322763799,True,<=5m,authoritative_ge5m,0.4087394582110392,False,False
NA,H2_post_loss_requeue,adjusted,categorical_requeue_gap,post_loss_gap_1-2h,0.0021353261515896045,0.21353261515896044,0.012888785065822682,-0.023126228381900562,0.027396880685079773,-2.312622838190056,2.739688068507977,0.16567319112581602,0.8684141448430627,True,<=5m,authoritative_ge5m,1.0,False,False
NA,H2_post_loss_requeue,adjusted,categorical_requeue_gap,post_loss_gap_2-6h,0.005098780522780417,0.5098780522780417,0.011726944268710496,-0.017885607892600557,0.02808316893816139,-1.7885607892600557,2.808316893816139,0.4347919121936002,0.6637134760224828,True,<=5m,authoritative_ge5m,1.0,False,False
NA,H2_post_loss_requeue,adjusted,categorical_requeue_gap,post_loss_gap_6-24h,0.00896637791115799,0.896637791115799,0.009781247265937818,-0.010204514453961006,0.028137270276276986,-1.0204514453961004,2.8137270276276984,0.9166906497070648,0.35930476716460413,True,<=5m,authoritative_ge5m,1.0,False,False
NA,H2_post_loss_requeue,adjusted,categorical_requeue_gap,post_loss_gap_>24h,-0.01691585133592306,-1.691585133592306,0.009884118389625968,-0.03628836739852,0.0024566647266738746,-3.628836739852,0.24566647266738745,-1.7114173130177557,0.08700410341027838,True,<=5m,authoritative_ge5m,0.5220246204616703,False,False
NA,H3_recent_volume,adjusted,6h_window,recent_games_1,-0.015673984320251456,-1.5673984320251455,0.00824195154534416,-0.03182791251145025,0.0004799438709473386,-3.182791251145025,0.04799438709473386,-1.9017321606441155,0.05720617912899029,True,0 recent ranked games,authoritative_ge5m,0.3432370747739417,False,False
NA,H3_recent_volume,adjusted,6h_window,recent_games_2,-0.016043912692190434,-1.6043912692190434,0.008585660240713633,-0.032871497547486646,0.000783672163105778,-3.2871497547486648,0.0783672163105778,-1.8686871180983138,0.061666357266296865,True,0 recent ranked games,authoritative_ge5m,0.3432370747739417,False,False
NA,H3_recent_volume,adjusted,6h_window,recent_games_3,-0.010914054976832307,-1.0914054976832308,0.008817384936753709,-0.02819581189069556,0.006367701937030944,-2.819581189069556,0.6367701937030944,-1.2377881940187279,0.21579460713948245,True,0 recent ranked games,authoritative_ge5m,0.5990702239568405,False,False
NA,H3_recent_volume,adjusted,6h_window,recent_games_4,-0.01249795063622505,-1.249795063622505,0.009028413572815641,-0.030193316076476302,0.005197414804026199,-3.01933160764763,0.5197414804026199,-1.384290887366537,0.1662694031830036,True,0 recent ranked games,authoritative_ge5m,0.5990702239568405,False,False
NA,H3_recent_volume,adjusted,6h_window,recent_games_5,-0.014297094775989623,-1.4297094775989623,0.009926104820034018,-0.033751902730025735,0.0051577131780464885,-3.3751902730025733,0.5157713178046488,-1.440352991954464,0.14976755598921013,True,0 recent ranked games,authoritative_ge5m,0.5990702239568405,False,False
NA,H3_recent_volume,adjusted,6h_window,recent_games_6+,-0.009388677986747057,-0.9388677986747057,0.009462413227786393,-0.02793466712004379,0.009157311146549676,-2.793466712004379,0.9157311146549676,-0.9922075648923456,0.321096283008721,True,0 recent ranked games,authoritative_ge5m,0.5990702239568405,False,False
KR,H1_session_depth,adjusted,30m_session_boundary,session_depth_2,0.006895658106099851,0.6895658106099851,0.007173184641427995,-0.007163525445554881,0.020954841657754582,-0.716352544555488,2.095484165775458,0.9613105546279518,0.33639604256080496,True,session depth 1,authoritative_ge10m,0.8998813212141012,False,False
KR,H1_session_depth,adjusted,30m_session_boundary,session_depth_3,0.006886274275797961,0.6886274275797961,0.007319124269338554,-0.007458945690478642,0.021231494242074565,-0.7458945690478642,2.1231494242074564,0.9408604120367381,0.34677639718185765,True,session depth 1,authoritative_ge10m,0.8998813212141012,False,False
KR,H1_session_depth,adjusted,30m_session_boundary,session_depth_4,0.021190242049407202,2.1190242049407204,0.008315842568780936,0.00489149011349152,0.037488993985322884,0.489149011349152,3.7488993985322883,2.5481773944301103,0.010828739080774114,True,session depth 1,authoritative_ge10m,0.0758011735654188,True,False
KR,H1_session_depth,adjusted,30m_session_boundary,session_depth_5,0.01733359104978341,1.7333591049783408,0.008969536019955447,-0.000246376507364008,0.03491355860693082,-0.0246376507364008,3.491355860693082,1.9324958405005108,0.05329833495502021,True,session depth 1,authoritative_ge10m,0.26649167477510105,False,False
KR,H1_session_depth,adjusted,30m_session_boundary,session_depth_6,0.012750560137632216,1.2750560137632216,0.010507976562892093,-0.007844695476027272,0.0333458157512917,-0.7844695476027272,3.3345815751291705,1.2134172608130467,0.2249703303035253,True,session depth 1,authoritative_ge10m,0.8998813212141012,False,False
KR,H1_session_depth,adjusted,30m_session_boundary,session_depth_7,0.013912925100924116,1.3912925100924116,0.011692387822497026,-0.00900373392444476,0.03682958412629299,-0.900373392444476,3.682958412629299,1.1899130709772225,0.2340805604832738,True,session depth 1,authoritative_ge10m,0.8998813212141012,False,False
KR,H1_session_depth,adjusted,30m_session_boundary,session_depth_8+,0.021198532977920802,2.1198532977920803,0.00894067551401559,0.00367513097299111,0.038721934982850495,0.36751309729911097,3.8721934982850494,2.3710214004176233,0.017739003952109943,True,session depth 1,authoritative_ge10m,0.10643402371265966,True,False
KR,H2_post_loss_requeue,adjusted,categorical_requeue_gap,post_loss_gap_5-10m,-0.006419616594132614,-0.6419616594132614,0.0071486909495610575,-0.020430793391879726,0.007591560203614499,-2.0430793391879725,0.7591560203614499,-0.8980128864749413,0.36917867936101917,True,<=5m,authoritative_ge10m,1.0,False,False
KR,H2_post_loss_requeue,adjusted,categorical_requeue_gap,post_loss_gap_10-20m,-0.016606758125758212,-1.6606758125758212,0.009025797124405805,-0.03429699542135878,0.0010834791698423538,-3.429699542135878,0.10834791698423538,-1.8399214935657535,0.06577976396502892,True,<=5m,authoritative_ge10m,0.5262381117202314,False,False
KR,H2_post_loss_requeue,adjusted,categorical_requeue_gap,post_loss_gap_20-30m,0.00818991991943915,0.818991991943915,0.013137103047016168,-0.017558328913903944,0.033938168752782244,-1.7558328913903944,3.3938168752782243,0.6234190209308991,0.5330092017267627,True,<=5m,authoritative_ge10m,1.0,False,False
KR,H2_post_loss_requeue,adjusted,categorical_requeue_gap,post_loss_gap_30-60m,-0.006927986262471234,-0.6927986262471234,0.012315420494696912,-0.031065766886543635,0.01720979436160117,-3.1065766886543633,1.720979436160117,-0.5625456528629666,0.5737443082605747,True,<=5m,authoritative_ge10m,1.0,False,False
KR,H2_post_loss_requeue,adjusted,categorical_requeue_gap,post_loss_gap_1-2h,0.0036384761642529154,0.36384761642529156,0.012560381037855447,-0.020979418302043588,0.028256370630549418,-2.0979418302043586,2.8256370630549417,0.28967880459095907,0.7720619728905306,True,<=5m,authoritative_ge10m,1.0,False,False
KR,H2_post_loss_requeue,adjusted,categorical_requeue_gap,post_loss_gap_2-6h,-0.006643110621943365,-0.6643110621943364,0.012431650953716794,-0.031008698759601296,0.017722477515714565,-3.1008698759601296,1.7722477515714565,-0.5343707482357537,0.5930850529993497,True,<=5m,authoritative_ge10m,1.0,False,False
KR,H2_post_loss_requeue,adjusted,categorical_requeue_gap,post_loss_gap_6-24h,0.010121156454585155,1.0121156454585156,0.010367386840452382,-0.010198548366496018,0.03044086127566633,-1.0198548366496019,3.044086127566633,0.9762495226949125,0.3289408274706831,True,<=5m,authoritative_ge10m,1.0,False,False
KR,H2_post_loss_requeue,adjusted,categorical_requeue_gap,post_loss_gap_>24h,-0.0031755384830355017,-0.31755384830355016,0.01076131534647637,-0.02426732898840736,0.017916252022336356,-2.426732898840736,1.7916252022336356,-0.2950883215289554,0.7679264107894183,True,<=5m,authoritative_ge10m,1.0,False,False
KR,H3_recent_volume,adjusted,6h_window,recent_games_1,-0.007324640918002336,-0.7324640918002336,0.00819444428601402,-0.023385456591909853,0.00873617475590518,-2.3385456591909852,0.873617475590518,-0.8938545021904374,0.37139974371241785,True,0 recent ranked games,authoritative_ge10m,1.0,False,False
KR,H3_recent_volume,adjusted,6h_window,recent_games_2,-0.004401402373689351,-0.4401402373689351,0.008579929401558441,-0.021217754990640193,0.012414950243261494,-2.1217754990640194,1.2414950243261493,-0.5129881806358324,0.6079595884755531,True,0 recent ranked games,authoritative_ge10m,1.0,False,False
KR,H3_recent_volume,adjusted,6h_window,recent_games_3,-0.002196236563537211,-0.2196236563537211,0.008758612086808901,-0.019362800808239863,0.014970327681165442,-1.9362800808239864,1.4970327681165443,-0.25075166496355067,0.8020061135505089,True,0 recent ranked games,authoritative_ge10m,1.0,False,False
KR,H3_recent_volume,adjusted,6h_window,recent_games_4,0.0025621016301502326,0.25621016301502325,0.009022227321821275,-0.015121138980952733,0.020245342241253197,-1.5121138980952733,2.0245342241253197,0.28397662115578715,0.7764282970246115,True,0 recent ranked games,authoritative_ge10m,1.0,False,False
KR,H3_recent_volume,adjusted,6h_window,recent_games_5,-0.015844675921056126,-1.5844675921056126,0.00955258925568828,-0.03456740682130943,0.002878054979197183,-3.456740682130943,0.2878054979197183,-1.6586786573725127,0.0971805623084743,True,0 recent ranked games,authoritative_ge10m,0.5830833738508459,False,False
KR,H3_recent_volume,adjusted,6h_window,recent_games_6+,-0.0006458611154634556,-0.06458611154634555,0.009020095587999826,-0.01832492360505176,0.017033201374124847,-1.832492360505176,1.7033201374124847,-0.07160246908277754,0.9429182750774561,True,0 recent ranked games,authoritative_ge10m,1.0,False,False
KR,H1_session_depth,adjusted,30m_session_boundary,session_depth_2,0.007378673837542254,0.7378673837542254,0.007168778238616182,-0.0066718733232999485,0.021429220998384457,-0.6671873323299948,2.1429220998384455,1.0292791312465803,0.3033485268437466,True,session depth 1,alias_confirmed_ge10m,0.8588563592978583,False,False
KR,H1_session_depth,adjusted,30m_session_boundary,session_depth_3,0.007213517949755719,0.7213517949755719,0.007320483807435405,-0.007134366662226322,0.02156140256173776,-0.7134366662226322,2.156140256173776,0.9853881436673569,0.32443345123107536,True,session depth 1,alias_confirmed_ge10m,0.8588563592978583,False,False
KR,H1_session_depth,adjusted,30m_session_boundary,session_depth_4,0.021474798378701893,2.1474798378701894,0.008326665696933593,0.005154833501406941,0.037794763255996844,0.5154833501406941,3.7794763255996844,2.5790393370314213,0.009907550377061161,True,session depth 1,alias_confirmed_ge10m,0.06935285263942813,True,False
KR,H1_session_depth,adjusted,30m_session_boundary,session_depth_5,0.01786914961068349,1.786914961068349,0.008969582936731287,0.0002890900983451572,0.035449209123021824,0.02890900983451572,3.5449209123021825,1.9921940336275437,0.04634977262314741,True,session depth 1,alias_confirmed_ge10m,0.23174886311573706,True,False
KR,H1_session_depth,adjusted,30m_session_boundary,session_depth_6,0.012441983519355836,1.2441983519355837,0.010516271683199761,-0.008169530231354107,0.033053497270065776,-0.8169530231354107,3.3053497270065777,1.1831173531996602,0.23676264134194727,True,session depth 1,alias_confirmed_ge10m,0.8588563592978583,False,False
KR,H1_session_depth,adjusted,30m_session_boundary,session_depth_7,0.014494918132455846,1.4494918132455845,0.01168279113170594,-0.008402931724591734,0.037392767989503424,-0.8402931724591735,3.7392767989503426,1.2407067770918263,0.21471408982446458,True,session depth 1,alias_confirmed_ge10m,0.8588563592978583,False,False
KR,H1_session_depth,adjusted,30m_session_boundary,session_depth_8+,0.021516911681108208,2.151691168110821,0.008942840824047091,0.0039892657465014116,0.039044557615715,0.39892657465014114,3.9044557615715,2.406048827711406,0.016126109198512595,True,session depth 1,alias_confirmed_ge10m,0.09675665519107557,True,False
KR,H2_post_loss_requeue,adjusted,categorical_requeue_gap,post_loss_gap_5-10m,-0.006153910655325387,-0.6153910655325388,0.007156268513202507,-0.020179939204900302,0.007872117894249527,-2.01799392049003,0.7872117894249526,-0.859932888763483,0.38982603773392704,True,<=5m,alias_confirmed_ge10m,1.0,False,False
KR,H2_post_loss_requeue,adjusted,categorical_requeue_gap,post_loss_gap_10-20m,-0.01657231153492177,-1.6572311534921769,0.009037846029185254,-0.034286164249943206,0.0011415411800996672,-3.4286164249943205,0.11415411800996672,-1.8336572100704105,0.0667048941440333,True,<=5m,alias_confirmed_ge10m,0.5336391531522664,False,False
KR,H2_post_loss_requeue,adjusted,categorical_requeue_gap,post_loss_gap_20-30m,0.008163586141468072,0.8163586141468072,0.013159236333309813,-0.017628043135870082,0.03395521541880622,-1.7628043135870082,3.395521541880622,0.6203692930724016,0.5350146840626617,True,<=5m,alias_confirmed_ge10m,1.0,False,False
KR,H2_post_loss_requeue,adjusted,categorical_requeue_gap,post_loss_gap_30-60m,-0.007008823970704402,-0.7008823970704402,0.01232023269896891,-0.031156036341836172,0.017138388400427366,-3.1156036341836173,1.7138388400427367,-0.5688873044817552,0.569432621518425,True,<=5m,alias_confirmed_ge10m,1.0,False,False
KR,H2_post_loss_requeue,adjusted,categorical_requeue_gap,post_loss_gap_1-2h,0.004065796946510649,0.4065796946510649,0.012568986835478068,-0.020568964573184426,0.028700558466205728,-2.0568964573184427,2.8700558466205726,0.32347849510306254,0.7463328912614877,True,<=5m,alias_confirmed_ge10m,1.0,False,False
KR,H2_post_loss_requeue,adjusted,categorical_requeue_gap,post_loss_gap_2-6h,-0.006452816550411364,-0.6452816550411364,0.012444929172569744,-0.03084442951879992,0.017938796417977187,-3.084442951879992,1.7938796417977187,-0.5185097047104308,0.6041026907909899,True,<=5m,alias_confirmed_ge10m,1.0,False,False
KR,H2_post_loss_requeue,adjusted,categorical_requeue_gap,post_loss_gap_6-24h,0.01022689974766956,1.022689974766956,0.010366949028420617,-0.010091946977597355,0.030545746472936473,-1.0091946977597355,3.0545746472936472,0.9864907910353261,0.3238923320270242,True,<=5m,alias_confirmed_ge10m,1.0,False,False
KR,H2_post_loss_requeue,adjusted,categorical_requeue_gap,post_loss_gap_>24h,-0.0021993490876232084,-0.21993490876232083,0.010785274578118731,-0.023338098824111347,0.018939400648864933,-2.333809882411135,1.8939400648864932,-0.20392147382925874,0.8384148639697586,True,<=5m,alias_confirmed_ge10m,1.0,False,False
KR,H3_recent_volume,adjusted,6h_window,recent_games_1,-0.007239210503989087,-0.7239210503989086,0.008205551570685775,-0.023321796055819275,0.008843375047841103,-2.3321796055819277,0.8843375047841103,-0.8822332589866441,0.3776506797898759,True,0 recent ranked games,alias_confirmed_ge10m,1.0,False,False
KR,H3_recent_volume,adjusted,6h_window,recent_games_2,-0.00462408912367211,-0.46240891236721104,0.008587228795115849,-0.02145474828910446,0.012206570041760236,-2.1454748289104457,1.2206570041760236,-0.5384844440504659,0.5902426417834727,True,0 recent ranked games,alias_confirmed_ge10m,1.0,False,False
KR,H3_recent_volume,adjusted,6h_window,recent_games_3,-0.0021420382441456514,-0.21420382441456515,0.008763324408388269,-0.019317838469427435,0.015033761981136134,-1.9317838469427435,1.5033761981136133,-0.24443215203756335,0.8068961430950221,True,0 recent ranked games,alias_confirmed_ge10m,1.0,False,False
KR,H3_recent_volume,adjusted,6h_window,recent_games_4,0.0026610464934377,0.26610464934377,0.009030051722335551,-0.015037529660873863,0.020359622647749265,-1.5037529660873863,2.0359622647749265,0.29468784623411226,0.7682323484106742,True,0 recent ranked games,alias_confirmed_ge10m,1.0,False,False
KR,H3_recent_volume,adjusted,6h_window,recent_games_5,-0.01620388397155636,-1.6203883971556359,0.00955531266665831,-0.03493195265922603,0.0025241847161133132,-3.493195265922603,0.25241847161133135,-1.6957984041796081,0.08992406481960126,True,0 recent ranked games,alias_confirmed_ge10m,0.5395443889176076,False,False
KR,H3_recent_volume,adjusted,6h_window,recent_games_6+,-0.0004908257740147364,-0.04908257740147364,0.009027920911898045,-0.018185225616610907,0.01720357406858143,-1.8185225616610907,1.720357406858143,-0.05436753143992091,0.9566423467375844,True,0 recent ranked games,alias_confirmed_ge10m,1.0,False,False
KR,H1_session_depth,adjusted,30m_session_boundary,session_depth_2,0.006791799173790119,0.6791799173790118,0.007158022498580982,-0.007237667123956015,0.020821265471536253,-0.7237667123956015,2.082126547153625,0.9488373604772179,0.342703337052699,True,session depth 1,authoritative_ge5m,0.886414788285486,False,False
KR,H1_session_depth,adjusted,30m_session_boundary,session_depth_3,0.0067820605489468805,0.678206054894688,0.007309320026260412,-0.007543943454000888,0.02110806455189465,-0.7543943454000888,2.110806455189465,0.9278647705368994,0.35347772078692613,True,session depth 1,authoritative_ge5m,0.886414788285486,False,False
KR,H1_session_depth,adjusted,30m_session_boundary,session_depth_4,0.021177416947058273,2.117741694705827,0.0083086236279856,0.004892813875107975,0.03746202001900857,0.4892813875107975,3.746202001900857,2.5488477869820985,0.010807946130979594,True,session depth 1,authoritative_ge5m,0.07565562291685715,True,False
KR,H1_session_depth,adjusted,30m_session_boundary,session_depth_5,0.0173469528768435,1.73469528768435,0.008945993577666036,-0.00018687234130855893,0.034880778094995554,-0.018687234130855893,3.4880778094995555,1.9390750425029069,0.05249220117797559,True,session depth 1,authoritative_ge5m,0.2624610058898779,False,False
KR,H1_session_depth,adjusted,30m_session_boundary,session_depth_6,0.012217918534087203,1.2217918534087202,0.01048728684327519,-0.008336785974272922,0.032772623042447324,-0.8336785974272922,3.2772623042447324,1.1650218704489574,0.24401014016243572,True,session depth 1,authoritative_ge5m,0.886414788285486,False,False
KR,H1_session_depth,adjusted,30m_session_boundary,session_depth_7,0.014228730581629191,1.4228730581629192,0.011641187156350718,-0.008587576982108464,0.037045038145366846,-0.8587576982108464,3.7045038145366846,1.2222748754509,0.2216036970713715,True,session depth 1,authoritative_ge5m,0.886414788285486,False,False
KR,H1_session_depth,adjusted,30m_session_boundary,session_depth_8+,0.02086164744364381,2.086164744364381,0.008930931457308423,0.0033573434389234796,0.03836595144836414,0.33573434389234796,3.836595144836414,2.335887084495779,0.019497127274311805,True,session depth 1,authoritative_ge5m,0.11698276364587083,True,False
KR,H2_post_loss_requeue,adjusted,categorical_requeue_gap,post_loss_gap_5-10m,-0.00619154693505881,-0.619154693505881,0.007140002294217861,-0.020185694281259176,0.007802600411141557,-2.0185694281259177,0.7802600411141557,-0.8671631576467234,0.3858526195621614,True,<=5m,authoritative_ge5m,1.0,False,False
KR,H2_post_loss_requeue,adjusted,categorical_requeue_gap,post_loss_gap_10-20m,-0.016714690107688293,-1.6714690107688293,0.009025450223006425,-0.034404247489039884,0.0009748672736632977,-3.4404247489039883,0.09748672736632977,-1.8519508384281513,0.06403288269229898,True,<=5m,authoritative_ge5m,0.5122630615383919,False,False
KR,H2_post_loss_requeue,adjusted,categorical_requeue_gap,post_loss_gap_20-30m,0.0082620195994668,0.82620195994668,0.013127144480036004,-0.017466710801257543,0.033990750000191146,-1.7466710801257543,3.399075000019115,0.6293843731233267,0.529097446030609,True,<=5m,authoritative_ge5m,1.0,False,False
KR,H2_post_loss_requeue,adjusted,categorical_requeue_gap,post_loss_gap_30-60m,-0.006094809392809289,-0.609480939280929,0.012291927204003836,-0.030186544013244932,0.017996925227626356,-3.0186544013244934,1.7996925227626355,-0.49583838983556894,0.6200084370904764,True,<=5m,authoritative_ge5m,1.0,False,False
KR,H2_post_loss_requeue,adjusted,categorical_requeue_gap,post_loss_gap_1-2h,0.0039419753668638,0.39419753668638,0.012534990167960669,-0.020626153908902795,0.028510104642630395,-2.0626153908902793,2.8510104642630396,0.31447773903640197,0.7531582211613269,True,<=5m,authoritative_ge5m,1.0,False,False
KR,H2_post_loss_requeue,adjusted,categorical_requeue_gap,post_loss_gap_2-6h,-0.006597911851692268,-0.6597911851692267,0.012424266120825445,-0.030949025982851305,0.017753202279466772,-3.0949025982851306,1.775320227946677,-0.5310504288565508,0.5953838340618833,True,<=5m,authoritative_ge5m,1.0,False,False
KR,H2_post_loss_requeue,adjusted,categorical_requeue_gap,post_loss_gap_6-24h,0.010676373898648523,1.0676373898648523,0.01037544699323188,-0.009659128531590358,0.031011876328887404,-0.9659128531590357,3.1011876328887404,1.0290037533431518,0.3034779111303598,True,<=5m,authoritative_ge5m,1.0,False,False
KR,H2_post_loss_requeue,adjusted,categorical_requeue_gap,post_loss_gap_>24h,-0.0024539777292344705,-0.24539777292344706,0.0107625311740567,-0.023548151212875186,0.018640195754406244,-2.3548151212875186,1.8640195754406244,-0.22801120754473014,0.8196375276404751,True,<=5m,authoritative_ge5m,1.0,False,False
KR,H3_recent_volume,adjusted,6h_window,recent_games_1,-0.007543380137285152,-0.7543380137285152,0.008182769635681725,-0.02358131391700927,0.008494553642438969,-2.358131391700927,0.8494553642438969,-0.9218614812754282,0.3566008331554357,True,0 recent ranked games,authoritative_ge5m,1.0,False,False
KR,H3_recent_volume,adjusted,6h_window,recent_games_2,-0.004688894146897222,-0.4688894146897222,0.008562425414845008,-0.02147093958030387,0.012093151286509424,-2.147093958030387,1.2093151286509425,-0.547612845627584,0.5839577671838652,True,0 recent ranked games,authoritative_ge5m,1.0,False,False
KR,H3_recent_volume,adjusted,6h_window,recent_games_3,-0.0021597004540011623,-0.21597004540011622,0.008740828673739716,-0.019291409849566014,0.014972008941563688,-1.9291409849566015,1.4972008941563688,-0.24708188829848626,0.8048448502984439,True,0 recent ranked games,authoritative_ge5m,1.0,False,False
KR,H3_recent_volume,adjusted,6h_window,recent_games_4,0.0025130542442551576,0.25130542442551573,0.00900786223446749,-0.01514203131299962,0.020168139801509936,-1.514203131299962,2.0168139801509937,0.2789845336043507,0.7802566941206031,True,0 recent ranked games,authoritative_ge5m,1.0,False,False
KR,H3_recent_volume,adjusted,6h_window,recent_games_5,-0.0158893529592535,-1.5889352959253498,0.009547568116844382,-0.034602242608211396,0.0028235366897043992,-3.4602242608211395,0.2823536689704399,-1.6642303846170592,0.0960663982057904,True,0 recent ranked games,authoritative_ge5m,0.5763983892347424,False,False
KR,H3_recent_volume,adjusted,6h_window,recent_games_6+,-0.00046704387601148015,-0.04670438760114801,0.009009280435758153,-0.018124909056718784,0.017190821304695826,-1.8124909056718783,1.7190821304695827,-0.05184030837332652,0.9586559372772899,True,0 recent ranked games,authoritative_ge5m,1.0,False,False
EU,H1_session_depth,adjusted,30m_session_boundary,session_depth_2,-0.004083233467308591,-0.40832334673085907,0.002370310130631436,-0.008728955955536636,0.0005624890209194548,-0.8728955955536636,0.056248902091945475,-1.7226578980282394,0.08495040817398657,True,session depth 1,authoritative_ge10m,0.594652857217906,False,False
EU,H1_session_depth,adjusted,30m_session_boundary,session_depth_3,-0.004101710342064762,-0.41017103420647616,0.0025122151226741156,-0.009025561503922901,0.0008221408197933789,-0.9025561503922901,0.08221408197933788,-1.6327066520078564,0.10253070773372672,True,session depth 1,authoritative_ge10m,0.614111138808747,False,False
EU,H1_session_depth,adjusted,30m_session_boundary,session_depth_4,-0.004472725047224101,-0.4472725047224101,0.002738027777098424,-0.009839160879007275,0.0008937107845590729,-0.9839160879007275,0.08937107845590729,-1.6335572212360794,0.1023518564681245,True,session depth 1,authoritative_ge10m,0.614111138808747,False,False
EU,H1_session_depth,adjusted,30m_session_boundary,session_depth_5,0.001191790899918577,0.1191790899918577,0.0031350695655007798,-0.0049528325374905875,0.0073364143373277416,-0.49528325374905874,0.7336414337327741,0.38014815142649205,0.7038354442943,True,session depth 1,authoritative_ge10m,1.0,False,False
EU,H1_session_depth,adjusted,30m_session_boundary,session_depth_6,-0.00030593590086281096,-0.030593590086281097,0.003582592352075505,-0.007327687882219442,0.00671581608049382,-0.7327687882219441,0.671581608049382,-0.08539511917552467,0.9319472733242419,True,session depth 1,authoritative_ge10m,1.0,False,False
EU,H1_session_depth,adjusted,30m_session_boundary,session_depth_7,-0.001807327947885626,-0.1807327947885626,0.004065708383584494,-0.009775969951353793,0.006161314055582542,-0.9775969951353793,0.6161314055582542,-0.4445296556887368,0.6566596929816555,True,session depth 1,authoritative_ge10m,1.0,False,False
EU,H1_session_depth,adjusted,30m_session_boundary,session_depth_8+,-0.0001987628818470572,-0.01987628818470572,0.0031679630556395062,-0.0064078563752539485,0.006010330611559834,-0.6407856375253949,0.6010330611559834,-0.06274154033874413,0.949972318129577,True,session depth 1,authoritative_ge10m,1.0,False,False
EU,H2_post_loss_requeue,adjusted,categorical_requeue_gap,post_loss_gap_5-10m,-0.0016390459628126024,-0.16390459628126025,0.0025518389413616708,-0.006640558382228296,0.003362466456603091,-0.6640558382228297,0.3362466456603091,-0.6422999258479853,0.5206784624158385,True,<=5m,authoritative_ge10m,1.0,False,False
EU,H2_post_loss_requeue,adjusted,categorical_requeue_gap,post_loss_gap_10-20m,-0.0067118028789113155,-0.6711802878911316,0.0033406644322694977,-0.013259384850593477,-0.00016422090722915342,-1.3259384850593476,-0.016422090722915342,-2.00912214171467,0.04452418203081066,True,<=5m,authoritative_ge10m,0.31166927421567464,True,False
EU,H2_post_loss_requeue,adjusted,categorical_requeue_gap,post_loss_gap_20-30m,3.7462691132037114e-05,0.003746269113203711,0.00523794842149496,-0.01022872756787651,0.010303652950140584,-1.022872756787651,1.0303652950140585,0.007152168772472355,0.9942934436119687,True,<=5m,authoritative_ge10m,1.0,False,False
EU,H2_post_loss_requeue,adjusted,categorical_requeue_gap,post_loss_gap_30-60m,-0.0036229091058301473,-0.3622909105830147,0.004217504089555848,-0.011889065226010001,0.004643247014349707,-1.188906522601,0.4643247014349707,-0.8590173308431056,0.39033095446895266,True,<=5m,authoritative_ge10m,1.0,False,False
EU,H2_post_loss_requeue,adjusted,categorical_requeue_gap,post_loss_gap_1-2h,0.0007672469669757191,0.07672469669757191,0.004473877820026925,-0.008001392431509624,0.009535886365461063,-0.8001392431509624,0.9535886365461063,0.17149484135244034,0.8638346863612674,True,<=5m,authoritative_ge10m,1.0,False,False
EU,H2_post_loss_requeue,adjusted,categorical_requeue_gap,post_loss_gap_2-6h,-0.002364619693635604,-0.2364619693635604,0.004164378825042055,-0.010526652208699258,0.005797412821428051,-1.0526652208699259,0.5797412821428051,-0.5678205064861562,0.5701568539998115,True,<=5m,authoritative_ge10m,1.0,False,False
EU,H2_post_loss_requeue,adjusted,categorical_requeue_gap,post_loss_gap_6-24h,0.008631407853058609,0.8631407853058609,0.003544151690004292,0.0016849981849034303,0.015577817521213788,0.16849981849034304,1.5577817521213788,2.435394590305517,0.014875558039308937,True,<=5m,authoritative_ge10m,0.1190044643144715,True,False
EU,H2_post_loss_requeue,adjusted,categorical_requeue_gap,post_loss_gap_>24h,-0.0043489750130115724,-0.43489750130115723,0.003916253556933338,-0.012024690938927798,0.003326740912904652,-1.2024690938927798,0.3326740912904652,-1.1104937281990193,0.26678632924222895,True,<=5m,authoritative_ge10m,1.0,False,False
EU,H3_recent_volume,adjusted,6h_window,recent_games_1,-0.006213158177276829,-0.621315817727683,0.002821518073737402,-0.011743231983530965,-0.0006830843710226931,-1.1743231983530964,-0.0683084371022693,-2.202062157640847,0.027660918105729407,True,0 recent ranked games,authoritative_ge10m,0.16596550863437645,True,False
EU,H3_recent_volume,adjusted,6h_window,recent_games_2,-0.004378130652320968,-0.4378130652320968,0.0028614289037282295,-0.009986428247950228,0.0012301669433082913,-0.9986428247950229,0.12301669433082912,-1.5300504746480295,0.12600423564389238,True,0 recent ranked games,authoritative_ge10m,0.6300211782194619,False,False
EU,H3_recent_volume,adjusted,6h_window,recent_games_3,-0.00355235188322057,-0.355235188322057,0.0029921092302198837,-0.009416778212261407,0.002312074445820267,-0.9416778212261407,0.2312074445820267,-1.187240040350905,0.23513295130686193,True,0 recent ranked games,authoritative_ge10m,0.9405318052274477,False,False
EU,H3_recent_volume,adjusted,6h_window,recent_games_4,-0.0006850938142005056,-0.06850938142005056,0.0031212875317799716,-0.006802704961883169,0.005432517333482157,-0.6802704961883169,0.5432517333482157,-0.21949077335077116,0.826267766444811,True,0 recent ranked games,authoritative_ge10m,1.0,False,False
EU,H3_recent_volume,adjusted,6h_window,recent_games_5,-0.0025556084517239174,-0.25556084517239175,0.003273979597005484,-0.008972490547973626,0.003861273644525791,-0.8972490547973626,0.3861273644525791,-0.7805816670517378,0.4350485777688821,True,0 recent ranked games,authoritative_ge10m,1.0,False,False
EU,H3_recent_volume,adjusted,6h_window,recent_games_6+,-0.00182025783912792,-0.182025783912792,0.0030226670727220837,-0.007744576438918316,0.004104060760662477,-0.7744576438918316,0.4104060760662477,-0.6022025566608876,0.5470393140560372,True,0 recent ranked games,authoritative_ge10m,1.0,False,False
EU,H1_session_depth,adjusted,30m_session_boundary,session_depth_2,-0.0031371623079147286,-0.31371623079147287,0.0028997098989841466,-0.008820489275537934,0.0025461646597084767,-0.8820489275537934,0.2546164659708477,-1.0818883326962359,0.27930214978362894,True,session depth 1,alias_confirmed_ge10m,1.0,False,False
EU,H1_session_depth,adjusted,30m_session_boundary,session_depth_3,-0.004214062709753108,-0.4214062709753108,0.0030837662766832726,-0.010258133548791501,0.0018300081292852858,-1.0258133548791502,0.18300081292852857,-1.3665311608133672,0.17177230724717135,True,session depth 1,alias_confirmed_ge10m,1.0,False,False
EU,H1_session_depth,adjusted,30m_session_boundary,session_depth_4,-0.004901870111234613,-0.49018701112346125,0.003410369123062757,-0.011586070766425063,0.0017823305439558382,-1.1586070766425063,0.17823305439558382,-1.437342977944974,0.15062056260344406,True,session depth 1,alias_confirmed_ge10m,1.0,False,False
EU,H1_session_depth,adjusted,30m_session_boundary,session_depth_5,0.0015522735810694682,0.15522735810694682,0.003986465813097363,-0.006261055838201544,0.009365603000340481,-0.6261055838201545,0.9365603000340481,0.38938590065655143,0.696990700338042,True,session depth 1,alias_confirmed_ge10m,1.0,False,False
EU,H1_session_depth,adjusted,30m_session_boundary,session_depth_6,0.0005325052127476834,0.053250521274768335,0.004568221063768477,-0.008421043545655786,0.009486053971151152,-0.8421043545655785,0.9486053971151152,0.11656730383980195,0.9072029487988079,True,session depth 1,alias_confirmed_ge10m,1.0,False,False
EU,H1_session_depth,adjusted,30m_session_boundary,session_depth_7,-0.00021383878634958267,-0.021383878634958265,0.00522876765477029,-0.010462035073227313,0.01003435750052815,-1.0462035073227314,1.0034357500528148,-0.04089659370396657,0.9673783330078182,True,session depth 1,alias_confirmed_ge10m,1.0,False,False
EU,H1_session_depth,adjusted,30m_session_boundary,session_depth_8+,-0.0014589415599119738,-0.14589415599119737,0.004154295636340359,-0.009601211388270983,0.006683328268447035,-0.9601211388270983,0.6683328268447035,-0.35118867014413985,0.7254468094053268,True,session depth 1,alias_confirmed_ge10m,1.0,False,False
EU,H2_post_loss_requeue,adjusted,categorical_requeue_gap,post_loss_gap_5-10m,-0.0004120575480784154,-0.04120575480784154,0.003358535085900319,-0.006994665357257178,0.0061705502611003465,-0.6994665357257177,0.6170550261100347,-0.12268966604169197,0.9023528473430119,True,<=5m,alias_confirmed_ge10m,1.0,False,False
EU,H2_post_loss_requeue,adjusted,categorical_requeue_gap,post_loss_gap_10-20m,-0.008657960831243336,-0.8657960831243335,0.004054204868652401,-0.016604056359748983,-0.0007118653027376881,-1.6604056359748982,-0.07118653027376881,-2.135550893884946,0.032716037662619595,True,<=5m,alias_confirmed_ge10m,0.22901226363833715,True,False
EU,H2_post_loss_requeue,adjusted,categorical_requeue_gap,post_loss_gap_20-30m,0.0001409182253986981,0.01409182253986981,0.006264690205399362,-0.012137648951484885,0.012419485402282281,-1.2137648951484885,1.2419485402282282,0.02249404532042855,0.9820538619456192,True,<=5m,alias_confirmed_ge10m,1.0,False,False
EU,H2_post_loss_requeue,adjusted,categorical_requeue_gap,post_loss_gap_30-60m,0.002605948850815779,0.26059488508157785,0.005318534568073603,-0.007818187353139775,0.013030085054771334,-0.7818187353139775,1.3030085054771334,0.48997497665219936,0.6241516060833435,True,<=5m,alias_confirmed_ge10m,1.0,False,False
EU,H2_post_loss_requeue,adjusted,categorical_requeue_gap,post_loss_gap_1-2h,0.0007759930739035213,0.07759930739035213,0.005621254907392964,-0.010241464092505724,0.011793450240312767,-1.0241464092505723,1.1793450240312766,0.13804623463756296,0.8902038773591362,True,<=5m,alias_confirmed_ge10m,1.0,False,False
EU,H2_post_loss_requeue,adjusted,categorical_requeue_gap,post_loss_gap_2-6h,-0.0029042805912442163,-0.29042805912442166,0.005320275439934206,-0.013331828841348252,0.00752326765885982,-1.3331828841348252,0.752326765885982,-0.5458891412735075,0.5851421430082351,True,<=5m,alias_confirmed_ge10m,1.0,False,False
EU,H2_post_loss_requeue,adjusted,categorical_requeue_gap,post_loss_gap_6-24h,0.01052121410724271,1.0521214107242711,0.004501838676433726,0.0016977724372231415,0.019344655777262278,0.16977724372231415,1.9344655777262278,2.337092655567441,0.01943436682336678,True,<=5m,alias_confirmed_ge10m,0.15547493458693423,True,False
EU,H2_post_loss_requeue,adjusted,categorical_requeue_gap,post_loss_gap_>24h,0.0018600758646908464,0.18600758646908463,0.00489168035715959,-0.007727441459223978,0.01144759318860567,-0.7727441459223978,1.144759318860567,0.38025294558921685,0.7037576607038272,True,<=5m,alias_confirmed_ge10m,1.0,False,False
EU,H3_recent_volume,adjusted,6h_window,recent_games_1,-0.0034154652800163212,-0.3415465280016321,0.003515330182182695,-0.01030538583086103,0.003474455270828387,-1.030538583086103,0.3474455270828387,-0.9715916010756159,0.33125376254878824,True,0 recent ranked games,alias_confirmed_ge10m,1.0,False,False
EU,H3_recent_volume,adjusted,6h_window,recent_games_2,-0.0019463204698473462,-0.19463204698473463,0.003543576692804206,-0.008891603164199145,0.004998962224504452,-0.8891603164199146,0.49989622245044524,-0.5492530961160396,0.5828317709621285,True,0 recent ranked games,alias_confirmed_ge10m,1.0,False,False
EU,H3_recent_volume,adjusted,6h_window,recent_games_3,-0.0004449107782686455,-0.04449107782686455,0.0037043517790209474,-0.007705306851216579,0.006815485294679288,-0.7705306851216579,0.6815485294679289,-0.12010489413784414,0.9044000554972741,True,0 recent ranked games,alias_confirmed_ge10m,1.0,False,False
EU,H3_recent_volume,adjusted,6h_window,recent_games_4,0.0020293529336183717,0.2029352933618372,0.0038824721519790458,-0.005580152655240277,0.00963885852247702,-0.5580152655240277,0.9638858522477021,0.5226960694576862,0.6011857739348337,True,0 recent ranked games,alias_confirmed_ge10m,1.0,False,False
EU,H3_recent_volume,adjusted,6h_window,recent_games_5,0.00135319377315554,0.135319377315554,0.004138438503899204,-0.006757996646720723,0.009464384193031803,-0.6757996646720723,0.9464384193031803,0.32698172798280595,0.7436817052286109,True,0 recent ranked games,alias_confirmed_ge10m,1.0,False,False
EU,H3_recent_volume,adjusted,6h_window,recent_games_6+,0.0014326045480495212,0.14326045480495211,0.003843704830523304,-0.006100918486978787,0.00896612758307783,-0.6100918486978787,0.896612758307783,0.37271450624227,0.7093609387654696,True,0 recent ranked games,alias_confirmed_ge10m,1.0,False,False
EU,H1_session_depth,adjusted,30m_session_boundary,session_depth_2,-0.00398917542595394,-0.39891754259539397,0.0023656679477074383,-0.008625799402841302,0.0006474485509334231,-0.8625799402841302,0.06474485509334231,-1.6862786807505414,0.09174213534899134,True,session depth 1,authoritative_ge5m,0.6421949474429394,False,False
EU,H1_session_depth,adjusted,30m_session_boundary,session_depth_3,-0.003924108413217862,-0.39241084132178616,0.0025085241549322747,-0.008840725411233895,0.0009925085847981713,-0.8840725411233895,0.09925085847981713,-1.564309598335841,0.1177448791114501,True,session depth 1,authoritative_ge5m,0.6824314283213673,False,False
EU,H1_session_depth,adjusted,30m_session_boundary,session_depth_4,-0.004325703983255511,-0.4325703983255511,0.0027349999586643394,-0.009686205399956153,0.001034797433445131,-0.9686205399956153,0.1034797433445131,-1.5816102554414684,0.11373857138689455,True,session depth 1,authoritative_ge5m,0.6824314283213673,False,False
EU,H1_session_depth,adjusted,30m_session_boundary,session_depth_5,0.001230787597768996,0.12307875977689961,0.0031312577395531493,-0.004906364798067477,0.00736793999360547,-0.49063647980674774,0.736793999360547,0.3930649279431841,0.6942715270380999,True,session depth 1,authoritative_ge5m,1.0,False,False
EU,H1_session_depth,adjusted,30m_session_boundary,session_depth_6,-0.000357609681697983,-0.0357609681697983,0.0035756398387619434,-0.007365734987357998,0.006650515623962032,-0.7365734987357998,0.6650515623962032,-0.10001278032012433,0.9203341790911641,True,session depth 1,authoritative_ge5m,1.0,False,False
EU,H1_session_depth,adjusted,30m_session_boundary,session_depth_7,-0.0016846985611899954,-0.16846985611899953,0.004060406556286003,-0.00964294917410087,0.006273552051720879,-0.964294917410087,0.6273552051720879,-0.41490883679662005,0.6782086405831207,True,session depth 1,authoritative_ge5m,1.0,False,False
EU,H1_session_depth,adjusted,30m_session_boundary,session_depth_8+,-7.775795356279593e-05,-0.007775795356279593,0.00315518957313607,-0.0062618158813058,0.006106299974180208,-0.62618158813058,0.6106299974180208,-0.024644463275627894,0.9803385534917604,True,session depth 1,authoritative_ge5m,1.0,False,False
EU,H2_post_loss_requeue,adjusted,categorical_requeue_gap,post_loss_gap_5-10m,-0.0014999616405168273,-0.14999616405168273,0.0025486234264923972,-0.006495171766596992,0.003495248485563337,-0.6495171766596992,0.3495248485563337,-0.5885379632491194,0.5561712600690711,True,<=5m,authoritative_ge5m,1.0,False,False
EU,H2_post_loss_requeue,adjusted,categorical_requeue_gap,post_loss_gap_10-20m,-0.006529998752635192,-0.6529998752635192,0.0033346492620067733,-0.013065791207241538,5.793701971153545e-06,-1.306579120724154,0.0005793701971153545,-1.9582265598467994,0.05020343389179059,True,<=5m,authoritative_ge5m,0.3514240372425341,False,False
EU,H2_post_loss_requeue,adjusted,categorical_requeue_gap,post_loss_gap_20-30m,-7.042219271897931e-05,-0.007042219271897931,0.005235777435109301,-0.010332357396600707,0.01019151301116275,-1.0332357396600707,1.019151301116275,-0.013450188361092777,0.9892686259322313,True,<=5m,authoritative_ge5m,1.0,False,False
EU,H2_post_loss_requeue,adjusted,categorical_requeue_gap,post_loss_gap_30-60m,-0.003533681626381359,-0.3533681626381359,0.004218793437443445,-0.011802364821984445,0.004735001569221728,-1.1802364821984446,0.4735001569221728,-0.8376047983337012,0.4022526970642377,True,<=5m,authoritative_ge5m,1.0,False,False
EU,H2_post_loss_requeue,adjusted,categorical_requeue_gap,post_loss_gap_1-2h,0.0007871936881962633,0.07871936881962632,0.004473272905051044,-0.007980260098722644,0.009554647475115169,-0.7980260098722645,0.9554647475115169,0.17597712120523545,0.8603119165703554,True,<=5m,authoritative_ge5m,1.0,False,False
EU,H2_post_loss_requeue,adjusted,categorical_requeue_gap,post_loss_gap_2-6h,-0.0024064300670529146,-0.24064300670529146,0.004160885801974616,-0.010561616382707221,0.005748756248601392,-1.0561616382707222,0.5748756248601392,-0.5783456171546223,0.563030802145086,True,<=5m,authoritative_ge5m,1.0,False,False
EU,H2_post_loss_requeue,adjusted,categorical_requeue_gap,post_loss_gap_6-24h,0.008739967626669785,0.8739967626669785,0.0035415391880627063,0.0017986783682296557,0.015681256885109914,0.17986783682296556,1.5681256885109913,2.46784439266666,0.013592939473414925,True,<=5m,authoritative_ge5m,0.1087435157873194,True,False
EU,H2_post_loss_requeue,adjusted,categorical_requeue_gap,post_loss_gap_>24h,-0.004238899607244058,-0.42388996072440577,0.003910995317065213,-0.011904309572396684,0.003426510357908569,-1.1904309572396683,0.3426510357908569,-1.0838416473545927,0.2784350158755506,True,<=5m,authoritative_ge5m,1.0,False,False
EU,H3_recent_volume,adjusted,6h_window,recent_games_1,-0.006381302343573399,-0.63813023435734,0.002818253849045063,-0.011904978386993104,-0.0008576263001536929,-1.1904978386993104,-0.0857626300153693,-2.264275216278207,0.023557192916490752,True,0 recent ranked games,authoritative_ge5m,0.14134315749894452,True,False
EU,H3_recent_volume,adjusted,6h_window,recent_games_2,-0.00449274068803286,-0.449274068803286,0.002855930264239209,-0.01009026114829967,0.0011047797722339497,-1.009026114829967,0.11047797722339497,-1.5731268876866924,0.11568944019539158,True,0 recent ranked games,authoritative_ge5m,0.5784472009769579,False,False
EU,H3_recent_volume,adjusted,6h_window,recent_games_3,-0.0035855232887013534,-0.35855232887013533,0.00298591117107358,-0.009437801645041386,0.0022667550676386795,-0.9437801645041386,0.22667550676386794,-1.2008137828869783,0.2298234441691147,True,0 recent ranked games,authoritative_ge5m,0.9192937766764588,False,False
EU,H3_recent_volume,adjusted,6h_window,recent_games_4,-0.0008813425327532243,-0.08813425327532243,0.00311462687578221,-0.006985899034566864,0.005223213969060415,-0.6985899034566865,0.5223213969060415,-0.28296889736812636,0.7772006792952763,True,0 recent ranked games,authoritative_ge5m,1.0,False,False
EU,H3_recent_volume,adjusted,6h_window,recent_games_5,-0.0026088340688239305,-0.26088340688239303,0.0032707192189232875,-0.00901932594145655,0.0038016578038086893,-0.901932594145655,0.3801657803808689,-0.7976331486145583,0.4250834086887447,True,0 recent ranked games,authoritative_ge5m,1.0,False,False
EU,H3_recent_volume,adjusted,6h_window,recent_games_6+,-0.002016312874819507,-0.2016312874819507,0.003016775145651127,-0.007929083509751293,0.0038964577601122785,-0.7929083509751294,0.38964577601122785,-0.6683669738283776,0.5038993716133493,True,0 recent ranked games,authoritative_ge5m,1.0,False,False
