champion_id,champion_name,team_position,appearances
1,Annie,BOTTOM,69
1,Annie,JUNGLE,2
1,Annie,MIDDLE,4454
1,Annie,TOP,293
1,Annie,UTILITY,675
2,Olaf,BOTTOM,243
2,Olaf,JUNGLE,1280
2,Olaf,MIDDLE,276
2,Olaf,TOP,10669
2,Olaf,UNKNOWN,1
2,Olaf,UTILITY,15
3,Galio,BOTTOM,42
3,Galio,JUNGLE,16
3,Galio,MIDDLE,17846
3,Galio,TOP,1461
3,Galio,UTILITY,2364
4,TwistedFate,BOTTOM,289
4,TwistedFate,JUNGLE,27
4,TwistedFate,MIDDLE,17465
4,TwistedFate,TOP,446
4,TwistedFate,UTILITY,559
5,XinZhao,BOTTOM,12
5,XinZhao,JUNGLE,17182
5,XinZhao,MIDDLE,397
5,XinZhao,TOP,1161
5,XinZhao,UTILITY,147
6,Urgot,BOTTOM,123
6,Urgot,JUNGLE,215
6,Urgot,MIDDLE,273
6,Urgot,TOP,14887
6,Urgot,UTILITY,60
7,Leblanc,BOTTOM,99
7,Leblanc,JUNGLE,4
7,Leblanc,MIDDLE,18928
7,Leblanc,TOP,506
7,Leblanc,UTILITY,3542
8,Vladimir,BOTTOM,1199
8,Vladimir,JUNGLE,2
8,Vladimir,MIDDLE,12566
8,Vladimir,TOP,12124
8,Vladimir,UTILITY,21
9,FiddleSticks,BOTTOM,21
9,FiddleSticks,JUNGLE,10734
9,FiddleSticks,MIDDLE,627
9,FiddleSticks,TOP,1399
9,FiddleSticks,UNKNOWN,1
9,FiddleSticks,UTILITY,3471
10,Kayle,BOTTOM,132
10,Kayle,JUNGLE,93
10,Kayle,MIDDLE,8276
10,Kayle,TOP,13984
10,Kayle,UTILITY,157
11,MasterYi,BOTTOM,60
11,MasterYi,JUNGLE,14898
11,MasterYi,MIDDLE,374
11,MasterYi,TOP,1898
11,MasterYi,UTILITY,76
12,Alistar,BOTTOM,9
12,Alistar,JUNGLE,5
12,Alistar,MIDDLE,37
12,Alistar,TOP,171
12,Alistar,UTILITY,29015
13,Ryze,BOTTOM,133
13,Ryze,JUNGLE,22
13,Ryze,MIDDLE,25021
13,Ryze,TOP,5765
13,Ryze,UTILITY,20
14,Sion,BOTTOM,359
14,Sion,JUNGLE,920
14,Sion,MIDDLE,3019
14,Sion,TOP,25123
14,Sion,UTILITY,404
15,Sivir,BOTTOM,33088
15,Sivir,MIDDLE,215
15,Sivir,TOP,36
15,Sivir,UNKNOWN,2
15,Sivir,UTILITY,5
16,Soraka,BOTTOM,96
16,Soraka,JUNGLE,6
16,Soraka,MIDDLE,264
16,Soraka,TOP,267
16,Soraka,UTILITY,20852
17,Teemo,BOTTOM,110
17,Teemo,JUNGLE,2276
17,Teemo,MIDDLE,355
17,Teemo,TOP,8347
17,Teemo,UTILITY,1674
18,Tristana,BOTTOM,34453
18,Tristana,JUNGLE,24
18,Tristana,MIDDLE,4813
18,Tristana,TOP,388
18,Tristana,UNKNOWN,1
18,Tristana,UTILITY,21
19,Warwick,BOTTOM,6
19,Warwick,JUNGLE,6273
19,Warwick,MIDDLE,228
19,Warwick,TOP,6951
19,Warwick,UNKNOWN,2
19,Warwick,UTILITY,38
20,Nunu,BOTTOM,31
20,Nunu,JUNGLE,16844
20,Nunu,MIDDLE,2222
20,Nunu,TOP,100
20,Nunu,UTILITY,369
21,MissFortune,BOTTOM,55663
21,MissFortune,JUNGLE,1
21,MissFortune,MIDDLE,231
21,MissFortune,TOP,41
21,MissFortune,UNKNOWN,1
21,MissFortune,UTILITY,280
22,Ashe,BOTTOM,35248
22,Ashe,JUNGLE,6
22,Ashe,MIDDLE,238
22,Ashe,TOP,181
22,Ashe,UTILITY,2653
23,Tryndamere,BOTTOM,24
23,Tryndamere,JUNGLE,305
23,Tryndamere,MIDDLE,1741
23,Tryndamere,TOP,9473
23,Tryndamere,UTILITY,20
24,Jax,BOTTOM,44
24,Jax,JUNGLE,9065
24,Jax,MIDDLE,399
24,Jax,TOP,26968
24,Jax,UNKNOWN,1
24,Jax,UTILITY,257
25,Morgana,BOTTOM,209
25,Morgana,JUNGLE,1825
25,Morgana,MIDDLE,6102
25,Morgana,TOP,325
25,Morgana,UTILITY,9098
26,Zilean,BOTTOM,481
26,Zilean,JUNGLE,2
26,Zilean,MIDDLE,2601
26,Zilean,TOP,1096
26,Zilean,UTILITY,14041
27,Singed,BOTTOM,299
27,Singed,JUNGLE,148
27,Singed,MIDDLE,1156
27,Singed,TOP,13696
27,Singed,UTILITY,319
28,Evelynn,BOTTOM,4
28,Evelynn,JUNGLE,9102
28,Evelynn,MIDDLE,49
28,Evelynn,TOP,25
28,Evelynn,UTILITY,78
29,Twitch,BOTTOM,23403
29,Twitch,JUNGLE,355
29,Twitch,MIDDLE,1650
29,Twitch,TOP,115
29,Twitch,UTILITY,731
30,Karthus,BOTTOM,4377
30,Karthus,JUNGLE,9702
30,Karthus,MIDDLE,786
30,Karthus,TOP,278
30,Karthus,UTILITY,154
31,Chogath,BOTTOM,270
31,Chogath,JUNGLE,5397
31,Chogath,MIDDLE,3117
31,Chogath,TOP,12777
31,Chogath,UTILITY,263
32,Amumu,BOTTOM,2
32,Amumu,JUNGLE,5779
32,Amumu,MIDDLE,11
32,Amumu,TOP,37
32,Amumu,UTILITY,2805
33,Rammus,BOTTOM,12
33,Rammus,JUNGLE,4343
33,Rammus,MIDDLE,31
33,Rammus,TOP,204
33,Rammus,UTILITY,686
34,Anivia,BOTTOM,525
34,Anivia,JUNGLE,4
34,Anivia,MIDDLE,14675
34,Anivia,TOP,3053
34,Anivia,UTILITY,1730
35,Shaco,BOTTOM,9
35,Shaco,JUNGLE,17613
35,Shaco,MIDDLE,105
35,Shaco,TOP,322
35,Shaco,UTILITY,4382
36,DrMundo,BOTTOM,32
36,DrMundo,JUNGLE,14021
36,DrMundo,MIDDLE,819
36,DrMundo,TOP,17185
36,DrMundo,UTILITY,163
37,Sona,BOTTOM,118
37,Sona,JUNGLE,6
37,Sona,MIDDLE,67
37,Sona,TOP,64
37,Sona,UTILITY,28731
38,Kassadin,BOTTOM,33
38,Kassadin,JUNGLE,11
38,Kassadin,MIDDLE,20360
38,Kassadin,TOP,510
38,Kassadin,UTILITY,12
39,Irelia,BOTTOM,442
39,Irelia,JUNGLE,5
39,Irelia,MIDDLE,10506
39,Irelia,TOP,17972
39,Irelia,UTILITY,9
40,Janna,BOTTOM,7
40,Janna,JUNGLE,5
40,Janna,MIDDLE,56
40,Janna,TOP,236
40,Janna,UTILITY,37575
41,Gangplank,BOTTOM,18
41,Gangplank,JUNGLE,8
41,Gangplank,MIDDLE,1679
41,Gangplank,TOP,18605
41,Gangplank,UNKNOWN,1
41,Gangplank,UTILITY,15
42,Corki,BOTTOM,22201
42,Corki,JUNGLE,65
42,Corki,MIDDLE,4796
42,Corki,TOP,742
42,Corki,UTILITY,5
43,Karma,BOTTOM,148
43,Karma,JUNGLE,1
43,Karma,MIDDLE,2114
43,Karma,TOP,1319
43,Karma,UNKNOWN,1
43,Karma,UTILITY,46523
44,Taric,BOTTOM,26
44,Taric,JUNGLE,122
44,Taric,MIDDLE,146
44,Taric,TOP,98
44,Taric,UTILITY,9356
45,Veigar,BOTTOM,3278
45,Veigar,JUNGLE,5
45,Veigar,MIDDLE,11849
45,Veigar,TOP,340
45,Veigar,UTILITY,895
48,Trundle,BOTTOM,29
48,Trundle,JUNGLE,3888
48,Trundle,MIDDLE,45
48,Trundle,TOP,2592
48,Trundle,UTILITY,581
50,Swain,BOTTOM,7503
50,Swain,JUNGLE,8
50,Swain,MIDDLE,6828
50,Swain,TOP,5736
50,Swain,UTILITY,6203
51,Caitlyn,BOTTOM,46376
51,Caitlyn,JUNGLE,4
51,Caitlyn,MIDDLE,536
51,Caitlyn,TOP,420
51,Caitlyn,UNKNOWN,1
51,Caitlyn,UTILITY,144
53,Blitzcrank,BOTTOM,6
53,Blitzcrank,JUNGLE,14
53,Blitzcrank,MIDDLE,27
53,Blitzcrank,TOP,29
53,Blitzcrank,UTILITY,22257
54,Malphite,BOTTOM,38
54,Malphite,JUNGLE,13448
54,Malphite,MIDDLE,3283
54,Malphite,TOP,27232
54,Malphite,UTILITY,700
55,Katarina,BOTTOM,998
55,Katarina,JUNGLE,8
55,Katarina,MIDDLE,31355
55,Katarina,TOP,458
55,Katarina,UNKNOWN,1
55,Katarina,UTILITY,71
56,Nocturne,BOTTOM,4
56,Nocturne,JUNGLE,11191
56,Nocturne,MIDDLE,231
56,Nocturne,TOP,728
56,Nocturne,UTILITY,12
57,Maokai,BOTTOM,3
57,Maokai,JUNGLE,592
57,Maokai,MIDDLE,38
57,Maokai,TOP,1104
57,Maokai,UTILITY,6134
58,Renekton,BOTTOM,24
58,Renekton,JUNGLE,13
58,Renekton,MIDDLE,1291
58,Renekton,TOP,24878
58,Renekton,UTILITY,10
59,JarvanIV,BOTTOM,22
59,JarvanIV,JUNGLE,38193
59,JarvanIV,MIDDLE,137
59,JarvanIV,TOP,280
59,JarvanIV,UTILITY,998
60,Elise,BOTTOM,14
60,Elise,JUNGLE,13505
60,Elise,MIDDLE,204
60,Elise,TOP,551
60,Elise,UTILITY,13359
61,Orianna,BOTTOM,142
61,Orianna,MIDDLE,37239
61,Orianna,TOP,368
61,Orianna,UTILITY,306
62,MonkeyKing,BOTTOM,45
62,MonkeyKing,JUNGLE,12390
62,MonkeyKing,MIDDLE,193
62,MonkeyKing,TOP,2768
62,MonkeyKing,UTILITY,138
63,Brand,BOTTOM,3171
63,Brand,JUNGLE,1711
63,Brand,MIDDLE,3121
63,Brand,TOP,644
63,Brand,UTILITY,5998
64,LeeSin,BOTTOM,70
64,LeeSin,JUNGLE,37359
64,LeeSin,MIDDLE,670
64,LeeSin,TOP,2022
64,LeeSin,UTILITY,431
67,Vayne,BOTTOM,25602
67,Vayne,JUNGLE,200
67,Vayne,MIDDLE,1065
67,Vayne,TOP,11856
67,Vayne,UTILITY,39
68,Rumble,BOTTOM,9
68,Rumble,JUNGLE,1661
68,Rumble,MIDDLE,1310
68,Rumble,TOP,17759
68,Rumble,UTILITY,271
69,Cassiopeia,BOTTOM,2840
69,Cassiopeia,JUNGLE,3
69,Cassiopeia,MIDDLE,9282
69,Cassiopeia,TOP,7101
69,Cassiopeia,UTILITY,42
72,Skarner,BOTTOM,1
72,Skarner,JUNGLE,3878
72,Skarner,MIDDLE,32
72,Skarner,TOP,490
72,Skarner,UTILITY,562
74,Heimerdinger,BOTTOM,1088
74,Heimerdinger,JUNGLE,25
74,Heimerdinger,MIDDLE,1041
74,Heimerdinger,TOP,3344
74,Heimerdinger,UTILITY,605
75,Nasus,BOTTOM,30
75,Nasus,JUNGLE,1910
75,Nasus,MIDDLE,1087
75,Nasus,TOP,8430
75,Nasus,UTILITY,164
76,Nidalee,BOTTOM,25
76,Nidalee,JUNGLE,17944
76,Nidalee,MIDDLE,515
76,Nidalee,TOP,1040
76,Nidalee,UNKNOWN,1
76,Nidalee,UTILITY,4249
77,Udyr,BOTTOM,27
77,Udyr,JUNGLE,9101
77,Udyr,MIDDLE,264
77,Udyr,TOP,2650
77,Udyr,UTILITY,26
78,Poppy,BOTTOM,9
78,Poppy,JUNGLE,2317
78,Poppy,MIDDLE,180
78,Poppy,TOP,5594
78,Poppy,UNKNOWN,1
78,Poppy,UTILITY,13690
79,Gragas,BOTTOM,19
79,Gragas,JUNGLE,2158
79,Gragas,MIDDLE,1684
79,Gragas,TOP,11525
79,Gragas,UTILITY,994
80,Pantheon,BOTTOM,131
80,Pantheon,JUNGLE,4876
80,Pantheon,MIDDLE,2735
80,Pantheon,TOP,7730
80,Pantheon,UTILITY,10726
81,Ezreal,BOTTOM,45389
81,Ezreal,JUNGLE,57
81,Ezreal,MIDDLE,1047
81,Ezreal,TOP,219
81,Ezreal,UTILITY,144
82,Mordekaiser,BOTTOM,49
82,Mordekaiser,JUNGLE,1127
82,Mordekaiser,MIDDLE,526
82,Mordekaiser,TOP,13956
82,Mordekaiser,UTILITY,52
83,Yorick,BOTTOM,27
83,Yorick,JUNGLE,143
83,Yorick,MIDDLE,371
83,Yorick,TOP,9776
83,Yorick,UTILITY,27
84,Akali,BOTTOM,91
84,Akali,JUNGLE,4
84,Akali,MIDDLE,31756
84,Akali,TOP,8585
84,Akali,UNKNOWN,1
84,Akali,UTILITY,64
85,Kennen,BOTTOM,43
85,Kennen,JUNGLE,1
85,Kennen,MIDDLE,3842
85,Kennen,TOP,11941
85,Kennen,UTILITY,445
86,Garen,BOTTOM,29
86,Garen,JUNGLE,79
86,Garen,MIDDLE,1341
86,Garen,TOP,22058
86,Garen,UTILITY,22
89,Leona,BOTTOM,5
89,Leona,JUNGLE,19
89,Leona,MIDDLE,12
89,Leona,TOP,20
89,Leona,UTILITY,30423
90,Malzahar,BOTTOM,430
90,Malzahar,JUNGLE,26
90,Malzahar,MIDDLE,17060
90,Malzahar,TOP,1140
90,Malzahar,UTILITY,99
91,Talon,BOTTOM,19
91,Talon,JUNGLE,28239
91,Talon,MIDDLE,7832
91,Talon,TOP,270
91,Talon,UNKNOWN,1
91,Talon,UTILITY,28
92,Riven,BOTTOM,129
92,Riven,JUNGLE,3018
92,Riven,MIDDLE,1720
92,Riven,TOP,25014
92,Riven,UNKNOWN,1
92,Riven,UTILITY,45
96,KogMaw,BOTTOM,7370
96,KogMaw,JUNGLE,15
96,KogMaw,MIDDLE,1011
96,KogMaw,TOP,252
96,KogMaw,UTILITY,115
98,Shen,BOTTOM,38
98,Shen,JUNGLE,660
98,Shen,MIDDLE,739
98,Shen,TOP,16854
98,Shen,UNKNOWN,1
98,Shen,UTILITY,1736
99,Lux,BOTTOM,4555
99,Lux,JUNGLE,12
99,Lux,MIDDLE,10197
99,Lux,TOP,135
99,Lux,UTILITY,9844
101,Xerath,BOTTOM,1079
101,Xerath,JUNGLE,3
101,Xerath,MIDDLE,14148
101,Xerath,TOP,95
101,Xerath,UTILITY,4526
102,Shyvana,BOTTOM,3
102,Shyvana,JUNGLE,3068
102,Shyvana,MIDDLE,25
102,Shyvana,TOP,296
102,Shyvana,UTILITY,2
103,Ahri,BOTTOM,362
103,Ahri,JUNGLE,9
103,Ahri,MIDDLE,34567
103,Ahri,TOP,884
103,Ahri,UTILITY,254
104,Graves,BOTTOM,50
104,Graves,JUNGLE,18127
104,Graves,MIDDLE,331
104,Graves,TOP,639
104,Graves,UNKNOWN,2
104,Graves,UTILITY,19
105,Fizz,BOTTOM,64
105,Fizz,JUNGLE,1829
105,Fizz,MIDDLE,13219
105,Fizz,TOP,481
105,Fizz,UTILITY,82
106,Volibear,BOTTOM,10
106,Volibear,JUNGLE,10839
106,Volibear,MIDDLE,188
106,Volibear,TOP,9651
106,Volibear,UNKNOWN,1
106,Volibear,UTILITY,30
107,Rengar,BOTTOM,349
107,Rengar,JUNGLE,21843
107,Rengar,MIDDLE,10
107,Rengar,TOP,1354
107,Rengar,UNKNOWN,2
107,Rengar,UTILITY,609
110,Varus,BOTTOM,17743
110,Varus,JUNGLE,8
110,Varus,MIDDLE,1449
110,Varus,TOP,5753
110,Varus,UTILITY,85
111,Nautilus,BOTTOM,25
111,Nautilus,JUNGLE,217
111,Nautilus,MIDDLE,159
111,Nautilus,TOP,290
111,Nautilus,UNKNOWN,2
111,Nautilus,UTILITY,51232
112,Viktor,BOTTOM,1208
112,Viktor,JUNGLE,2
112,Viktor,MIDDLE,28387
112,Viktor,TOP,768
112,Viktor,UTILITY,31
113,Sejuani,BOTTOM,9
113,Sejuani,JUNGLE,4800
113,Sejuani,MIDDLE,283
113,Sejuani,TOP,3078
113,Sejuani,UTILITY,205
114,Fiora,BOTTOM,342
114,Fiora,JUNGLE,15
114,Fiora,MIDDLE,291
114,Fiora,TOP,23967
114,Fiora,UTILITY,157
115,Ziggs,BOTTOM,11455
115,Ziggs,JUNGLE,3
115,Ziggs,MIDDLE,3933
115,Ziggs,TOP,83
115,Ziggs,UTILITY,143
117,Lulu,BOTTOM,18
117,Lulu,JUNGLE,10
117,Lulu,MIDDLE,208
117,Lulu,TOP,245
117,Lulu,UNKNOWN,1
117,Lulu,UTILITY,41242
119,Draven,BOTTOM,25670
119,Draven,JUNGLE,76
119,Draven,MIDDLE,349
119,Draven,TOP,469
119,Draven,UTILITY,14
120,Hecarim,BOTTOM,1
120,Hecarim,JUNGLE,20780
120,Hecarim,MIDDLE,8
120,Hecarim,TOP,24
120,Hecarim,UNKNOWN,1
120,Hecarim,UTILITY,7
121,Khazix,BOTTOM,3
121,Khazix,JUNGLE,29072
121,Khazix,MIDDLE,48
121,Khazix,TOP,40
121,Khazix,UTILITY,37
122,Darius,BOTTOM,43
122,Darius,JUNGLE,837
122,Darius,MIDDLE,296
122,Darius,TOP,24184
122,Darius,UNKNOWN,1
122,Darius,UTILITY,58
126,Jayce,BOTTOM,87
126,Jayce,JUNGLE,25914
126,Jayce,MIDDLE,6749
126,Jayce,TOP,20245
126,Jayce,UTILITY,42
127,Lissandra,BOTTOM,65
127,Lissandra,JUNGLE,2
127,Lissandra,MIDDLE,9398
127,Lissandra,TOP,633
127,Lissandra,UTILITY,374
131,Diana,BOTTOM,51
131,Diana,JUNGLE,40812
131,Diana,MIDDLE,10468
131,Diana,TOP,407
131,Diana,UTILITY,51
133,Quinn,BOTTOM,238
133,Quinn,JUNGLE,44
133,Quinn,MIDDLE,3940
133,Quinn,TOP,7733
133,Quinn,UTILITY,267
134,Syndra,BOTTOM,2628
134,Syndra,JUNGLE,6
134,Syndra,MIDDLE,44524
134,Syndra,TOP,507
134,Syndra,UTILITY,301
136,AurelionSol,BOTTOM,3339
136,AurelionSol,JUNGLE,68
136,AurelionSol,MIDDLE,9078
136,AurelionSol,TOP,475
136,AurelionSol,UTILITY,159
141,Kayn,BOTTOM,6
141,Kayn,JUNGLE,16019
141,Kayn,MIDDLE,153
141,Kayn,TOP,1392
141,Kayn,UTILITY,28
142,Zoe,BOTTOM,234
142,Zoe,JUNGLE,7
142,Zoe,MIDDLE,18627
142,Zoe,TOP,867
142,Zoe,UNKNOWN,2
142,Zoe,UTILITY,4069
143,Zyra,BOTTOM,1851
143,Zyra,JUNGLE,6028
143,Zyra,MIDDLE,532
143,Zyra,TOP,70
143,Zyra,UTILITY,7757
145,Kaisa,BOTTOM,73812
145,Kaisa,JUNGLE,171
145,Kaisa,MIDDLE,853
145,Kaisa,TOP,634
145,Kaisa,UTILITY,24
147,Seraphine,BOTTOM,4828
147,Seraphine,JUNGLE,13
147,Seraphine,MIDDLE,1410
147,Seraphine,TOP,31
147,Seraphine,UTILITY,13969
150,Gnar,BOTTOM,8
150,Gnar,JUNGLE,31
150,Gnar,MIDDLE,85
150,Gnar,TOP,13907
150,Gnar,UTILITY,12
154,Zac,BOTTOM,52
154,Zac,JUNGLE,13792
154,Zac,MIDDLE,1977
154,Zac,TOP,3375
154,Zac,UTILITY,1412
157,Yasuo,BOTTOM,7537
157,Yasuo,JUNGLE,32
157,Yasuo,MIDDLE,28549
157,Yasuo,TOP,12692
157,Yasuo,UTILITY,55
161,Velkoz,BOTTOM,3459
161,Velkoz,JUNGLE,2
161,Velkoz,MIDDLE,8226
161,Velkoz,TOP,502
161,Velkoz,UTILITY,9287
163,Taliyah,BOTTOM,547
163,Taliyah,JUNGLE,5611
163,Taliyah,MIDDLE,16924
163,Taliyah,TOP,327
163,Taliyah,UTILITY,742
164,Camille,BOTTOM,22
164,Camille,JUNGLE,144
164,Camille,MIDDLE,368
164,Camille,TOP,15200
164,Camille,UTILITY,1524
166,Akshan,BOTTOM,549
166,Akshan,JUNGLE,14
166,Akshan,MIDDLE,19729
166,Akshan,TOP,1400
166,Akshan,UTILITY,95
200,Belveth,BOTTOM,5
200,Belveth,JUNGLE,11924
200,Belveth,MIDDLE,53
200,Belveth,TOP,157
200,Belveth,UTILITY,50
201,Braum,BOTTOM,5
201,Braum,JUNGLE,2
201,Braum,MIDDLE,6
201,Braum,TOP,19
201,Braum,UTILITY,35973
202,Jhin,BOTTOM,55632
202,Jhin,JUNGLE,37
202,Jhin,MIDDLE,434
202,Jhin,TOP,296
202,Jhin,UTILITY,152
203,Kindred,BOTTOM,159
203,Kindred,JUNGLE,12656
203,Kindred,MIDDLE,76
203,Kindred,TOP,37
203,Kindred,UTILITY,12
221,Zeri,BOTTOM,17406
221,Zeri,JUNGLE,111
221,Zeri,MIDDLE,452
221,Zeri,TOP,219
221,Zeri,UNKNOWN,1
221,Zeri,UTILITY,6
222,Jinx,BOTTOM,42262
222,Jinx,JUNGLE,14
222,Jinx,MIDDLE,94
222,Jinx,TOP,17
222,Jinx,UTILITY,10
223,TahmKench,BOTTOM,280
223,TahmKench,JUNGLE,16
223,TahmKench,MIDDLE,157
223,TahmKench,TOP,3554
223,TahmKench,UTILITY,4560
233,Briar,BOTTOM,14
233,Briar,JUNGLE,9389
233,Briar,MIDDLE,389
233,Briar,TOP,635
233,Briar,UTILITY,73
234,Viego,BOTTOM,146
234,Viego,JUNGLE,42110
234,Viego,MIDDLE,946
234,Viego,TOP,480
234,Viego,UTILITY,93
235,Senna,BOTTOM,2421
235,Senna,JUNGLE,3
235,Senna,MIDDLE,29
235,Senna,TOP,183
235,Senna,UTILITY,18712
236,Lucian,BOTTOM,45833
236,Lucian,JUNGLE,10
236,Lucian,MIDDLE,1219
236,Lucian,TOP,384
236,Lucian,UNKNOWN,1
236,Lucian,UTILITY,11
238,Zed,BOTTOM,57
238,Zed,JUNGLE,24190
238,Zed,MIDDLE,22813
238,Zed,TOP,1924
238,Zed,UTILITY,117
240,Kled,BOTTOM,58
240,Kled,JUNGLE,14
240,Kled,MIDDLE,538
240,Kled,TOP,9294
240,Kled,UNKNOWN,1
240,Kled,UTILITY,55
245,Ekko,BOTTOM,309
245,Ekko,JUNGLE,27601
245,Ekko,MIDDLE,18399
245,Ekko,TOP,947
245,Ekko,UTILITY,225
246,Qiyana,BOTTOM,135
246,Qiyana,JUNGLE,27008
246,Qiyana,MIDDLE,13639
246,Qiyana,TOP,979
246,Qiyana,UTILITY,256
254,Vi,BOTTOM,6
254,Vi,JUNGLE,10257
254,Vi,MIDDLE,223
254,Vi,TOP,332
254,Vi,UTILITY,209
266,Aatrox,BOTTOM,27
266,Aatrox,JUNGLE,15849
266,Aatrox,MIDDLE,651
266,Aatrox,TOP,25872
266,Aatrox,UNKNOWN,2
266,Aatrox,UTILITY,101
267,Nami,BOTTOM,11
267,Nami,MIDDLE,37
267,Nami,TOP,11
267,Nami,UNKNOWN,1
267,Nami,UTILITY,66298
268,Azir,BOTTOM,77
268,Azir,JUNGLE,1
268,Azir,MIDDLE,11801
268,Azir,TOP,878
268,Azir,UNKNOWN,1
268,Azir,UTILITY,28
350,Yuumi,BOTTOM,27
350,Yuumi,JUNGLE,14
350,Yuumi,MIDDLE,30
350,Yuumi,TOP,50
350,Yuumi,UTILITY,13848
360,Samira,BOTTOM,14253
360,Samira,JUNGLE,6
360,Samira,MIDDLE,125
360,Samira,TOP,85
360,Samira,UNKNOWN,1
360,Samira,UTILITY,5
412,Thresh,BOTTOM,6
412,Thresh,JUNGLE,5
412,Thresh,MIDDLE,18
412,Thresh,TOP,44
412,Thresh,UTILITY,41385
420,Illaoi,BOTTOM,8
420,Illaoi,JUNGLE,5
420,Illaoi,MIDDLE,255
420,Illaoi,TOP,6529
420,Illaoi,UNKNOWN,1
420,Illaoi,UTILITY,27
421,RekSai,BOTTOM,10
421,RekSai,JUNGLE,14169
421,RekSai,MIDDLE,162
421,RekSai,TOP,3818
421,RekSai,UTILITY,134
427,Ivern,BOTTOM,37
427,Ivern,JUNGLE,9898
427,Ivern,MIDDLE,353
427,Ivern,TOP,622
427,Ivern,UTILITY,736
429,Kalista,BOTTOM,6414
429,Kalista,JUNGLE,4
429,Kalista,MIDDLE,207
429,Kalista,TOP,235
429,Kalista,UTILITY,25
432,Bard,BOTTOM,16
432,Bard,JUNGLE,11
432,Bard,MIDDLE,60
432,Bard,TOP,491
432,Bard,UNKNOWN,1
432,Bard,UTILITY,45877
497,Rakan,BOTTOM,7
497,Rakan,MIDDLE,130
497,Rakan,TOP,32
497,Rakan,UTILITY,29903
498,Xayah,BOTTOM,15341
498,Xayah,JUNGLE,4
498,Xayah,MIDDLE,47
498,Xayah,TOP,39
498,Xayah,UTILITY,2
516,Ornn,BOTTOM,34
516,Ornn,JUNGLE,764
516,Ornn,MIDDLE,494
516,Ornn,TOP,17428
516,Ornn,UNKNOWN,1
516,Ornn,UTILITY,287
517,Sylas,BOTTOM,74
517,Sylas,JUNGLE,34084
517,Sylas,MIDDLE,28165
517,Sylas,TOP,4001
517,Sylas,UTILITY,3836
518,Neeko,BOTTOM,151
518,Neeko,JUNGLE,530
518,Neeko,MIDDLE,3012
518,Neeko,TOP,736
518,Neeko,UTILITY,17275
523,Aphelios,BOTTOM,41730
523,Aphelios,JUNGLE,6
523,Aphelios,MIDDLE,200
523,Aphelios,TOP,172
523,Aphelios,UNKNOWN,1
523,Aphelios,UTILITY,4
526,Rell,BOTTOM,1
526,Rell,JUNGLE,4
526,Rell,MIDDLE,5
526,Rell,TOP,40
526,Rell,UNKNOWN,1
526,Rell,UTILITY,25870
555,Pyke,BOTTOM,73
555,Pyke,JUNGLE,9
555,Pyke,MIDDLE,383
555,Pyke,TOP,40
555,Pyke,UNKNOWN,1
555,Pyke,UTILITY,27745
711,Vex,BOTTOM,42
711,Vex,JUNGLE,2
711,Vex,MIDDLE,9167
711,Vex,TOP,241
711,Vex,UTILITY,240
777,Yone,BOTTOM,270
777,Yone,JUNGLE,69
777,Yone,MIDDLE,19535
777,Yone,TOP,14851
777,Yone,UTILITY,26
799,Ambessa,BOTTOM,38
799,Ambessa,JUNGLE,15707
799,Ambessa,MIDDLE,2818
799,Ambessa,TOP,35316
799,Ambessa,UNKNOWN,2
799,Ambessa,UTILITY,37
800,Mel,BOTTOM,10949
800,Mel,JUNGLE,4
800,Mel,MIDDLE,22635
800,Mel,TOP,325
800,Mel,UNKNOWN,1
800,Mel,UTILITY,5538
804,Yunara,BOTTOM,48781
804,Yunara,JUNGLE,3
804,Yunara,MIDDLE,195
804,Yunara,TOP,127
804,Yunara,UTILITY,8
875,Sett,BOTTOM,159
875,Sett,JUNGLE,139
875,Sett,MIDDLE,451
875,Sett,TOP,15354
875,Sett,UNKNOWN,1
875,Sett,UTILITY,356
876,Lillia,BOTTOM,4
876,Lillia,JUNGLE,10880
876,Lillia,MIDDLE,19
876,Lillia,TOP,110
876,Lillia,UTILITY,7
887,Gwen,BOTTOM,56
887,Gwen,JUNGLE,11469
887,Gwen,MIDDLE,1485
887,Gwen,TOP,16412
887,Gwen,UTILITY,6
888,Renata,BOTTOM,12
888,Renata,MIDDLE,6
888,Renata,TOP,1
888,Renata,UNKNOWN,1
888,Renata,UTILITY,5971
893,Aurora,BOTTOM,423
893,Aurora,JUNGLE,8
893,Aurora,MIDDLE,15394
893,Aurora,TOP,6249
893,Aurora,UTILITY,88
895,Nilah,BOTTOM,7984
895,Nilah,JUNGLE,24
895,Nilah,MIDDLE,42
895,Nilah,TOP,70
895,Nilah,UNKNOWN,1
895,Nilah,UTILITY,6
897,KSante,BOTTOM,70
897,KSante,JUNGLE,24
897,KSante,MIDDLE,774
897,KSante,TOP,23386
897,KSante,UTILITY,293
901,Smolder,BOTTOM,38165
901,Smolder,JUNGLE,1
901,Smolder,MIDDLE,5522
901,Smolder,TOP,1806
901,Smolder,UTILITY,17
902,Milio,BOTTOM,5
902,Milio,JUNGLE,3
902,Milio,MIDDLE,18
902,Milio,TOP,9
902,Milio,UNKNOWN,1
902,Milio,UTILITY,33040
904,Zaahen,BOTTOM,59
904,Zaahen,JUNGLE,6573
904,Zaahen,MIDDLE,1522
904,Zaahen,TOP,36194
904,Zaahen,UTILITY,272
910,Hwei,BOTTOM,3980
910,Hwei,JUNGLE,2
910,Hwei,MIDDLE,16183
910,Hwei,TOP,361
910,Hwei,UNKNOWN,1
910,Hwei,UTILITY,1173
950,Naafiri,BOTTOM,386
950,Naafiri,JUNGLE,11629
950,Naafiri,MIDDLE,10363
950,Naafiri,TOP,2715
950,Naafiri,UTILITY,101
