champion_id,champion_name,pca_1,pca_2,kmeans_cluster,hierarchical_cluster,dbscan_cluster
2,Olaf,2.321766149535489,-0.5128089989459528,1,2,0
3,Galio,2.7467602075871063,0.43643590559624906,1,2,0
4,TwistedFate,2.0586715570577296,-0.5522819890611878,1,2,0
5,XinZhao,3.196732050504669,2.217685415091757,1,2,0
6,Urgot,1.9206174776144314,-0.029372424640592455,1,2,0
7,Leblanc,2.728861441577374,-1.0175698004311517,1,2,0
8,Vladimir,1.2131022490213221,0.10546739400045552,1,2,0
9,FiddleSticks,1.9974294081915036,-2.019670134607623,1,2,0
10,Kayle,0.4687994276602124,-0.18506463962610673,1,2,0
11,MasterYi,2.8024262395252793,-0.009387739703164671,1,2,0
12,Alistar,0.3544119786623667,1.0941062279267253,1,2,0
13,Ryze,-0.6515114601887978,1.0439612911688312,1,2,0
14,Sion,-2.3801534106870386,1.6153789566554466,1,2,0
15,Sivir,0.8952864520297845,0.19989924707222542,1,2,0
16,Soraka,2.33002768438489,-1.4909552602364013,1,2,0
17,Teemo,2.4103901881999104,-1.2714865796478414,1,2,0
18,Tristana,-2.004809359795044,0.7136043524018372,1,2,0
19,Warwick,2.379692182519788,-0.9222509027879673,1,2,0
20,Nunu,1.2080525485939493,-1.2085637013844543,1,2,0
21,MissFortune,1.6425479739698248,1.4738911997195145,1,2,-1
22,Ashe,2.4110029280248644,0.460054498135188,1,2,0
23,Tryndamere,2.5420472574968893,-0.8937210627739678,1,2,0
24,Jax,-4.913941721632917,4.386626318487467,1,2,0
25,Morgana,1.9018374068906885,-1.3238799819816873,1,2,0
26,Zilean,2.6652869768535203,-1.7247294258490509,1,2,0
27,Singed,2.429827286466928,-1.4794383548313368,1,2,0
28,Evelynn,2.740671415044401,-1.5635501521979553,1,2,0
29,Twitch,1.4354696158754219,-3.1962168039164407,1,2,0
30,Karthus,3.3755671428236185,-3.331263301268836,1,2,0
31,Chogath,-0.19626634203818966,0.10087459383024928,1,2,0
32,Amumu,2.611065202357315,-1.061179712372345,1,2,0
34,Anivia,2.134331552317087,-0.016272701123806514,1,2,0
35,Shaco,1.0500992259001056,0.968445208891987,1,2,0
36,DrMundo,-3.9504563741652583,3.962658009969653,1,2,0
37,Sona,1.1708888536781574,-2.6239647889018825,1,2,0
38,Kassadin,2.743397177360645,-1.0592518973871048,1,2,0
39,Irelia,-4.25269745795199,3.0952662839966285,1,2,0
40,Janna,-0.2560003004028653,-2.869264864399185,1,2,0
41,Gangplank,1.3783707619882861,-0.07257173636294924,1,2,0
42,Corki,0.24562004057062456,2.3123109827268946,1,2,0
43,Karma,-2.3193194206278616,-4.46371735204449,1,2,0
44,Taric,2.6037311192891104,-1.1060674818530802,1,2,0
45,Veigar,2.673803272668639,-0.8746027457277276,1,2,0
50,Swain,-0.419866946281166,-0.015073155297268399,1,2,0
51,Caitlyn,3.1659669100554177,3.0367009413767168,1,2,-1
53,Blitzcrank,2.545948519044606,-0.7731663514402111,1,2,0
54,Malphite,-14.03005227222704,5.90964195589545,2,1,-1
55,Katarina,0.28401697906146356,-0.44471525591699407,1,2,0
56,Nocturne,2.92377615119262,-0.9128239228770506,1,2,0
57,Maokai,2.5879364106646614,-1.033123835414799,1,2,0
58,Renekton,-0.3441246507906552,2.867906829018516,1,2,0
59,JarvanIV,1.5137273289138011,5.841268879615445,1,2,0
60,Elise,-1.9763021349314696,-4.3254518768319885,1,2,0
61,Orianna,1.3884595496986325,-0.6289749048512859,1,2,0
62,MonkeyKing,2.5992815257033492,-0.24670840704318744,1,2,0
63,Brand,2.4680295313692695,-1.1202605677007345,1,2,0
64,LeeSin,0.45876332862560365,7.248762770726962,1,2,0
67,Vayne,-6.710866855270908,8.230575784385165,2,1,-1
68,Rumble,1.8827029653883418,-2.1672933179548695,1,2,0
69,Cassiopeia,2.067749812993146,0.28640101156887826,1,2,0
75,Nasus,2.5591129560543724,-1.087906694014735,1,2,0
76,Nidalee,1.067195317600396,-3.1769889138792196,1,2,0
77,Udyr,2.598019407599327,-1.1202101050793898,1,2,0
78,Poppy,1.5346354326580884,1.9441498190849844,1,2,0
79,Gragas,2.0878804277919447,-1.8454125371630912,1,2,0
80,Pantheon,-2.40873330873497,3.2824445337343473,1,2,0
81,Ezreal,0.534681253319974,0.34615468293041585,1,2,0
82,Mordekaiser,2.6640389458888674,-2.0582812085604196,1,2,0
83,Yorick,2.5993329442299897,-1.0050536139541213,1,2,0
84,Akali,-4.212034956615597,0.38686253864344483,1,2,0
85,Kennen,3.0167945828787426,-1.774164541639364,1,2,0
86,Garen,2.057237129100952,0.29169300954079974,1,2,0
89,Leona,-0.5831692654596176,0.602794374877095,1,2,0
90,Malzahar,2.542643441084659,-0.9895957035606182,1,2,0
91,Talon,-1.623758712334892,3.612734540275125,1,2,0
92,Riven,-2.4457945001707113,4.255868812439118,1,2,0
96,KogMaw,2.60232328523982,-1.1017335980601766,1,2,0
98,Shen,2.0980107105267454,-0.6536776760819021,1,2,0
99,Lux,1.8674488930669728,-2.0657300857562064,1,2,0
101,Xerath,2.6758993634765886,-0.6723411394874174,1,2,0
103,Ahri,-0.004233165588192201,-1.7060388172882603,1,2,0
104,Graves,3.440273356183198,2.882677714259751,1,2,0
105,Fizz,2.3185469950131803,-1.058035770582412,1,2,0
106,Volibear,1.7930173913900784,-0.12945344012795906,1,2,0
107,Rengar,2.37234426299505,4.471465663007927,1,2,0
110,Varus,-0.05180748272474418,1.8862523635750736,1,2,0
111,Nautilus,-4.4755642883350415,-0.8676791992887846,1,2,-1
112,Viktor,1.0278467661247959,-1.1626033560463083,1,2,0
114,Fiora,1.873983258976992,0.4770239090238022,1,2,0
115,Ziggs,4.95819276698429,-4.225462950079705,1,2,0
117,Lulu,-1.012545526370198,-2.383651373666949,1,2,-1
119,Draven,1.7337457752704042,-0.05975851411341879,1,2,0
120,Hecarim,3.2928947802630426,2.3291218685732566,1,2,0
121,Khazix,2.6069329677160074,4.5741678824004595,1,2,0
122,Darius,1.2301308892157452,0.9874561902566412,1,2,0
126,Jayce,-16.965030530684995,15.981644736562934,2,1,-1
127,Lissandra,2.7364206086590825,-1.008305197408418,1,2,0
131,Diana,-18.134224138987882,-14.333998612029173,2,1,-1
133,Quinn,2.4132762752692702,-0.7737972151925179,1,2,0
134,Syndra,-3.5128573013933933,-5.991409853652004,1,2,-1
136,AurelionSol,2.4605685362107064,-0.7429500060803655,1,2,0
141,Kayn,2.657507874992796,0.4516522756922242,1,2,0
142,Zoe,2.0998911475941457,-0.4699577980091063,1,2,0
143,Zyra,2.018761238014647,-2.486894893185299,1,2,0
145,Kaisa,-1.3534632117989356,-3.880348293992495,1,2,-1
147,Seraphine,2.802732113785029,-2.192175958103279,1,2,0
150,Gnar,2.221157289879279,-0.18763765729730844,1,2,0
154,Zac,0.5634036999648152,0.2828568218671674,1,2,0
157,Yasuo,-18.645312979925116,9.520561155319857,2,1,-1
161,Velkoz,2.250228324277778,-2.6243283151179666,1,2,0
163,Taliyah,1.5228508064389117,-1.1828302731651896,1,2,0
164,Camille,2.286798970054709,0.009467222886067904,1,2,0
166,Akshan,2.0399635392186317,5.632839353526271,1,2,0
200,Belveth,2.7614854299103944,-0.5853655693385595,1,2,0
201,Braum,-0.4243032567157363,0.4442154038944642,1,2,0
202,Jhin,3.3186333554769174,2.3737126655747165,1,2,0
203,Kindred,3.3890037133596635,-0.12565128760983485,1,2,0
221,Zeri,2.3047346226249523,-0.8006637155626487,1,2,0
222,Jinx,1.444398850990875,0.2708962790608167,1,2,-1
223,TahmKench,2.632978779748925,-1.082174522091404,1,2,0
233,Briar,2.634700560630518,-1.208778933199431,1,2,0
234,Viego,0.8286663555740271,6.108712415159436,1,2,0
235,Senna,3.859654857082433,1.2596833935595029,1,2,0
236,Lucian,-3.0489531866329638,-1.7653673451533252,1,2,-1
238,Zed,-13.731018548406869,5.529739283974908,2,1,-1
240,Kled,2.585517735064125,-0.8497390086790728,1,2,0
245,Ekko,-22.283861099524174,-10.186240173325983,2,1,-1
246,Qiyana,-6.057204080984508,3.427226879038997,1,2,0
254,Vi,2.9774994891554893,-0.7306509605033862,1,2,0
266,Aatrox,-8.241940335084863,9.602232662975286,2,1,0
267,Nami,-1.188859050174045,-1.9252610102471344,1,2,-1
268,Azir,2.7729418559104793,-1.1957262171857819,1,2,0
350,Yuumi,2.863142069515338,-1.439190397585312,1,2,0
360,Samira,2.110041118472563,-0.5565876622528672,1,2,0
412,Thresh,-0.9019973752861419,-1.9305170037566983,1,2,0
421,RekSai,2.811907546523478,1.283369311199718,1,2,0
427,Ivern,3.226364564450486,-1.6279642887505716,1,2,0
429,Kalista,2.5505294225889443,-0.9421793211185625,1,2,0
432,Bard,-0.5894523121268518,-1.8782337586689162,1,2,0
497,Rakan,-0.30893530334376473,-0.3155467705081128,1,2,0
498,Xayah,2.4740678368430022,-0.7695254597795191,1,2,0
516,Ornn,2.1818828777934343,-0.8937182650693453,1,2,0
517,Sylas,-31.221553519775295,-19.18229245174001,2,1,-1
518,Neeko,2.109254345748414,-1.5346253106559196,1,2,0
523,Aphelios,-0.8987593998321279,-1.1758003701541457,1,2,0
526,Rell,1.4253350318295466,0.5465624189266645,1,2,0
555,Pyke,0.686616651739238,1.1460701640323394,1,2,0
711,Vex,2.645175136855642,-1.01825160679465,1,2,0
777,Yone,-11.286637825208022,6.727050971160415,2,1,-1
799,Ambessa,-12.289843835874223,8.009614543819499,2,1,-1
800,Mel,-3.260630780056577,-5.7582278206715465,1,2,0
804,Yunara,-1.8675362424487572,-2.8772220874474974,1,2,0
875,Sett,2.155657377627515,-0.4076325306771021,1,2,0
876,Lillia,2.6875311613589874,-1.4701422738957852,1,2,0
887,Gwen,-4.1438653074087455,-1.142742915805827,1,2,0
893,Aurora,2.4963191816473027,0.11758196615191632,1,2,0
895,Nilah,2.875920894681996,-1.1736641333528346,1,2,0
897,KSante,1.0356336908073829,1.499421972065019,1,2,0
901,Smolder,-1.3095387718128657,1.864437082507515,1,2,-1
902,Milio,0.9976793179834079,-0.692748570614271,1,2,0
904,Zaahen,-7.284489725975524,6.294643804413677,2,1,0
910,Hwei,2.9213165031028483,-0.954478815773658,1,2,0
950,Naafiri,-1.4919874922736578,3.4390352547760608,1,2,0
